set NU :=  NU01 NU02 NU03 NU04 NU05 NU06 NU07 NU08 NU09 NU10 NU11 NU12 NU13 NU14;
set RM :=  RM01 RM02 RM03 RM04 RM05 RM06 RM07 RM08 RM09 RM10 RM11 RM12 RM13 RM14 RM15 RM16 RM17 RM18 RM19 RM20 RM21 RM22 RM23 RM24 RM25 RM26 RM27 RM28 RM29 RM30 RM31 RM32 RM33 RM34 RM35 RM36 RM37 RM38 RM39 RM40 RM41 RM42 RM43 RM44 RM45 RM46 RM47 RM48 RM49 RM50 RM51 RM52 RM53 RM54 RM55 RM56 RM57 RM58 RM59 RM60 RM61 RM62 RM63 RM64 RM65 RM66 RM67 RM68 RM69 RM70;
set MI :=  MI01 MI02 MI03 MI04 MI05 MI06 MI07 MI08 MI09 MI10 MI11 MI12 MI13 MI14;
set DE :=  DE01 DE02 DE03 DE04 DE05 DE06 DE07 DE08 DE09 DE10 DE11 DE12 DE13 DE14 DE15 DE16 DE17 DE18 DE19 DE20 DE21 DE22 DE23 DE24 DE25 DE26 DE27 DE28 DE29 DE30 DE31 DE32 DE33 DE34 DE35 DE36 DE37 DE38 DE39 DE40 DE41 DE42 DE43 DE44 DE45 DE46 DE47 DE48 DE49 DE50;

param nuinrm(tr): RM01 RM02 RM03 RM04 RM05 RM06 RM07 RM08 RM09 RM10 RM11 RM12 RM13 RM14 RM15 RM16 RM17 RM18 RM19 RM20 RM21 RM22 RM23 RM24 RM25 RM26 RM27 RM28 RM29 RM30 RM31 RM32 RM33 RM34 RM35 RM36 RM37 RM38 RM39 RM40 RM41 RM42 RM43 RM44 RM45 RM46 RM47 RM48 RM49 RM50 RM51 RM52 RM53 RM54 RM55 RM56 RM57 RM58 RM59 RM60 RM61 RM62 RM63 RM64 RM65 RM66 RM67 RM68 RM69 RM70 :=
NU01      11.82180    23.00000     7.83080     7.90990    21.00000    23.00000    23.00000    10.00000    12.06180    12.75880    11.00000     5.20000    22.17580     9.99390     9.33500    16.16410    33.84380    46.71090    34.99610    58.16020    18.05080    48.98830     0.20000     0.00000     0.00000     0.00000   284.93800     0.00000     0.00000     5.00000     5.00000     7.21830     0.00000     0.00000     0.00000    11.82180    23.00000     7.83080     7.90990    21.00000    23.00000    23.00000    10.00000    12.06180    12.75880    11.00000     5.20000    22.17580     9.99390     9.33500    16.16410    33.84380    46.71090    34.99610    58.16020    18.05080    48.98830     0.20000     0.00000     0.00000     0.00000   284.93800     0.00000     0.00000     5.00000     5.00000     7.21830     0.00000     0.00000     0.00000
NU02       1.79980     1.00000     3.09980     3.09980    16.00000    18.00000     1.49980     1.00000     2.60500     1.29980     0.50000     1.00000     9.75490     0.82000     2.38790     3.50000     2.50000     1.11790     0.30000    12.00000    39.52730     4.07980     0.50000     0.00000     0.00000     0.00000     0.00000    96.00000    96.00000     0.10000     0.10000     2.50660     0.00000     0.00000     0.00000     1.79980     1.00000     3.09980     3.09980    16.00000    18.00000     1.49980     1.00000     2.60500     1.29980     0.50000     1.00000     9.75490     0.82000     2.38790     3.50000     2.50000     1.11790     0.30000    12.00000    39.52730     4.07980     0.50000     0.00000     0.00000     0.00000     0.00000    96.00000    96.00000     0.10000     0.10000     2.50660     0.00000     0.00000     0.00000
NU03       5.50000     5.00000     1.99980     1.99980    28.00000    23.00000     4.49980     3.00000     7.00000    29.73440    18.50000    48.50000    26.00390    21.48440    37.32030     9.51390    12.50000     3.44480    19.50000     3.29980     1.73360     3.42090     0.73000     0.00000     0.00000     0.00000     0.00000     0.00000     0.00000     0.00000     0.00000     3.91940     0.00000     0.00000     0.00000     5.50000     5.00000     1.99980     1.99980    28.00000    23.00000     4.49980     3.00000     7.00000    29.73440    18.50000    48.50000    26.00390    21.48440    37.32030     9.51390    12.50000     3.44480    19.50000     3.29980     1.73360     3.42090     0.73000     0.00000     0.00000     0.00000     0.00000     0.00000     0.00000     0.00000     0.00000     3.91940     0.00000     0.00000     0.00000
NU04       0.06000     0.33000     0.04000     0.04000     0.14000     0.14000     0.15000     0.05000     1.71000     1.09980     0.40000     0.30000     0.50000     0.30000     0.50000     0.12000     0.70000     0.40000     0.36000     4.49980     0.14110     0.41300     5.29980    38.99610    20.09770     0.00000     0.00000     0.00000     0.00000     0.70000     0.70000     1.79980     0.00000     0.00000     0.00000     0.06000     0.33000     0.04000     0.04000     0.14000     0.14000     0.15000     0.05000     1.71000     1.09980     0.40000     0.30000     0.50000     0.30000     0.50000     0.12000     0.70000     0.40000     0.36000     4.49980     0.14110     0.41300     5.29980    38.99610    20.09770     0.00000     0.00000     0.00000     0.00000     0.70000     0.70000     1.79980     0.00000     0.00000     0.00000
NU05       0.30000     0.50000     0.26000     0.26000     0.68000     0.68000     0.35000     0.33000     0.35000     0.24000     0.08000     0.10000     0.10000     0.16000     0.08850     1.00000     1.14990     0.65000     1.00000     2.50000     0.29200     0.67000     0.01000     0.04000    19.00000     0.00000     0.00000     0.00000     0.00000     0.08000     0.08000     0.70000     0.00000     0.00000     0.00000     0.30000     0.50000     0.26000     0.26000     0.68000     0.68000     0.35000     0.33000     0.35000     0.24000     0.08000     0.10000     0.10000     0.16000     0.08850     1.00000     1.14990     0.65000     1.00000     2.50000     0.29200     0.67000     0.01000     0.04000    19.00000     0.00000     0.00000     0.00000     0.00000     0.08000     0.08000     0.70000     0.00000     0.00000     0.00000
NU06       0.00000     0.00000     0.00000     0.00000     0.00000     0.00000     0.00000     0.00000     0.00000     0.00000     0.00000     0.00000     0.00000     0.00000     0.00000     0.00000     0.00000     0.00000     0.00000     0.00000     0.00000     0.00000     0.00000     0.00000     0.00000     0.00000     0.00000     0.00000     0.00000     0.00000     0.00000    45.00000     0.00000     0.00000   100.00000     0.00000     0.00000     0.00000     0.00000     0.00000     0.00000     0.00000     0.00000     0.00000     0.00000     0.00000     0.00000     0.00000     0.00000     0.00000     0.00000     0.00000     0.00000     0.00000     0.00000     0.00000     0.00000     0.00000     0.00000     0.00000     0.00000     0.00000     0.00000     0.00000     0.00000     0.00000    45.00000     0.00000     0.00000   100.00000
NU07       0.15000     0.23000     0.13000     0.13000     0.24000     0.24000     0.00000     0.11000     0.25000     0.23000     0.20000     0.04000     0.18000     0.17000     0.18000     0.25000     1.09980     0.43000     0.02000     0.00000     0.17950     0.65600     6.29980     0.00000     0.80000     0.00000     0.00000     0.00000     0.00000     0.40000     0.40000     0.14960     0.00000    21.99610     0.00000     0.15000     0.23000     0.13000     0.13000     0.24000     0.24000     0.00000     0.11000     0.25000     0.23000     0.20000     0.04000     0.18000     0.17000     0.18000     0.25000     1.09980     0.43000     0.02000     0.00000     0.17950     0.65600     6.29980     0.00000     0.80000     0.00000     0.00000     0.00000     0.00000     0.40000     0.40000     0.14960     0.00000    21.99610     0.00000
NU08       0.00000     0.00000     0.00000     0.00000     0.00000     0.00000     0.00000     0.00000     1.00000     0.00000     0.00000     0.00000     0.00000     0.00000     0.00000     0.00000     0.00000     0.00000     0.00000     0.00000     0.00000     0.00000     0.00000     0.00000     0.00000     0.00000   284.93800     0.00000     0.00000     0.00000     0.00000     0.10000     0.00000     0.00000     0.00000     0.00000     0.00000     0.00000     0.00000     0.00000     0.00000     0.00000     0.00000     1.00000     0.00000     0.00000     0.00000     0.00000     0.00000     0.00000     0.00000     0.00000     0.00000     0.00000     0.00000     0.00000     0.00000     0.00000     0.00000     0.00000     0.00000   284.93800     0.00000     0.00000     0.00000     0.00000     0.10000     0.00000     0.00000     0.00000
NU09       0.12000     0.05000     0.11000     0.11000     0.32000     0.32000     0.00000     0.12000     0.40000     0.30000     0.27000     0.13000     0.20000     0.17000     0.20000     0.40000     0.53000     0.27000     0.70000     0.22000     0.12180     0.27800     0.00000     0.90000     0.80000     0.00000     0.00000     0.00000     0.00000     0.30000     0.30000     8.11770    52.00000    10.99980    17.33160     0.12000     0.05000     0.11000     0.11000     0.32000     0.32000     0.00000     0.12000     0.40000     0.30000     0.27000     0.13000     0.20000     0.17000     0.20000     0.40000     0.53000     0.27000     0.70000     0.22000     0.12180     0.27800     0.00000     0.90000     0.80000     0.00000     0.00000     0.00000     0.00000     0.30000     0.30000     8.11770    52.00000    10.99980    17.33160
NU10     122.62500   130.16000   143.29300   138.57000   132.91800   149.34800   134.19500   139.59000   103.90600    90.64840   129.51600    65.05080   116.32400    72.08980   112.82000   108.66000   113.95300   147.19100   102.70300   152.13700   252.82800   165.19900    39.38670     0.00000     0.00000     0.00000     0.00000   403.50000   403.50000   113.92200   113.92200    55.92190     0.00000     0.00000     0.00000   122.62500   130.16000   143.29300   138.57000   132.91800   149.34800   134.19500   139.59000   103.90600    90.64840   129.51600    65.05080   116.32400    72.08980   112.82000   108.66000   113.95300   147.19100   102.70300   152.13700   252.82800   165.19900    39.38670     0.00000     0.00000     0.00000     0.00000   403.50000   403.50000   113.92200   113.92200    55.92190     0.00000     0.00000     0.00000
NU11      90.00000   112.89800    90.00000    68.39840   102.89800    90.00000    87.29690    85.19920    95.60160    93.89840    90.00000    94.29690     0.00000    57.69920    79.08590    94.89840    69.59770    84.81250    99.85940    66.69920    90.00000    82.59380   370.18800    90.69920   127.39800   157.69900   308.87500    90.00000  -465.88000    90.00000   187.09800    90.00000     0.00000     0.00000   107.80500    90.00000   112.89800    90.00000    68.39840   102.89800    90.00000    87.29690    85.19920    95.60160    93.89840    90.00000    94.29690     0.00000    57.69920    79.08590    94.89840    69.59770    84.81250    99.85940    66.69920    90.00000    82.59380   370.18800    90.69920   127.39800   157.69900   308.87500    90.00000  -465.88000    90.00000   187.09800    90.00000     0.00000     0.00000   107.80500
NU12       0.00000     0.00000     0.00000     0.00000     0.00000     0.00000     0.00000     0.00000     0.00000     0.00000     0.00000     0.00000     0.00000     0.00000     0.00000     0.00000     0.00000     0.00000     0.00000     0.00000     0.00000     0.00000     0.00000     0.00000     0.00000   100.00000     0.00000     0.00000     0.00000     0.00000     0.00000     0.00000     0.00000     0.00000     0.00000     0.00000     0.00000     0.00000     0.00000     0.00000     0.00000     0.00000     0.00000     0.00000     0.00000     0.00000     0.00000     0.00000     0.00000     0.00000     0.00000     0.00000     0.00000     0.00000     0.00000     0.00000     0.00000     0.00000     0.00000     0.00000   100.00000     0.00000     0.00000     0.00000     0.00000     0.00000     0.00000     0.00000     0.00000     0.00000
NU13       0.00000     0.00000     0.00000     0.00000     0.00000     0.00000     0.00000     0.00000     0.00000     0.00000     0.00000     0.00000     0.00000     0.00000     0.00000     0.00000     0.00000     0.00000     0.00000     0.00000     0.00000   100.00000     0.00000     0.00000     0.00000     0.00000     0.00000     0.00000     0.00000     0.00000     0.00000     0.00000     0.00000     0.00000     0.00000     0.00000     0.00000     0.00000     0.00000     0.00000     0.00000     0.00000     0.00000     0.00000     0.00000     0.00000     0.00000     0.00000     0.00000     0.00000     0.00000     0.00000     0.00000     0.00000     0.00000     0.00000   100.00000     0.00000     0.00000     0.00000     0.00000     0.00000     0.00000     0.00000     0.00000     0.00000     0.00000     0.00000     0.00000     0.00000
NU14       0.00000     0.00000     0.00000     0.00000     0.00000     0.00000     0.00000     0.00000     0.00000     0.00000     0.00000     0.00000     0.00000     0.00000     0.00000     0.00000     0.00000     0.00000     0.00000     0.00000     0.00000     0.00000     0.00000     0.00000     0.00000     0.00000   100.00000     0.00000     0.00000     0.00000     0.00000     0.00000     0.00000     0.00000     0.00000     0.00000     0.00000     0.00000     0.00000     0.00000     0.00000     0.00000     0.00000     0.00000     0.00000     0.00000     0.00000     0.00000     0.00000     0.00000     0.00000     0.00000     0.00000     0.00000     0.00000     0.00000     0.00000     0.00000     0.00000     0.00000     0.00000   100.00000     0.00000     0.00000     0.00000     0.00000     0.00000     0.00000     0.00000     0.00000
;

param specs_ub: NU01 NU02 NU03 NU04 NU05 NU06 NU07 NU08 NU09 NU10 NU11 NU12 NU13 NU14 :=
DE01    23.00000   100.00000     7.00000     1.25000     0.72498   100.00000     0.35999     3.00000     0.79999   133.59770   110.00000     1.30000     0.00000   100.00000  
DE02    23.00000   100.00000     8.00000     1.25000     0.68748   100.00000     0.35999     3.00000     0.79999   127.39840   110.00000     1.30000     0.00000   100.00000  
DE03    21.00000   100.00000     8.00000     1.00000     0.68748   100.00000     0.35999     3.00000     0.79999   125.00000   110.00000     1.30000     0.00000   100.00000  
DE04    23.00000   100.00000     9.00000     1.25000     0.68748   100.00000     0.35999     3.00000     0.79999   125.00000   110.00000     1.30000     0.00000   100.00000  
DE05    19.00000   100.00000    10.50000     0.84999     0.56250   100.00000  999984.00000     0.50000     0.79999   118.79690   110.00000     1.30000     0.00000     0.00000  
DE06    20.89322   100.00000     9.96768     0.94998     0.89265   100.00000  88888.00000     0.50000  88888.00000   120.52920   110.00000     1.30000     0.00000     0.00000  
DE07    20.69995   100.00000    15.50000     0.84999     0.56250   100.00000  999984.00000     0.50000     0.79999   118.79690   110.00000     1.30000     0.00000     0.00000  
DE08    19.00000   100.00000     8.00000     0.87000     0.68748   100.00000     0.29999     3.00000     0.79999   127.39840   110.00000     1.30000     0.00000   100.00000  
DE09    21.00000     6.00000    10.00000     1.09999     0.72498   100.00000     0.35999     0.58490     0.79999   133.59770   110.00000     1.30000     0.00000   100.00000  
DE10    23.00000     6.00000    12.00000     1.20000     0.72498   100.00000     0.35999     1.20326     0.79999   131.19920   110.00000     1.30000     0.00000   100.00000  
DE11    21.00000     5.00000    10.00000     1.09999     0.68748   100.00000     0.35999     0.78236     0.79999   127.39840   110.00000     1.30000     0.00000   100.00000  
DE12    24.79688   100.00000     8.00000     1.34985     0.68748   100.00000     0.42000     3.00000     0.79999   126.79690   110.00000     1.30000     0.00000   100.00000  
DE13    20.79980   100.00000     7.00000     1.00000     0.72498   100.00000     0.35999     3.00000     0.79999   133.59770   110.00000     1.30000     0.00000   100.00000  
DE14    23.00000   100.00000     7.00000     1.23000     0.72498   100.00000     0.35999     0.50000     0.79999   133.59770   110.00000     1.30000     0.00000     0.00000  
DE15    18.89990   100.00000    18.50000     1.25000     0.74999   100.00000     0.35999     2.84985  999984.00000   141.00000   110.00000     1.30000     0.00000   100.00000  
DE16    22.89844   100.00000    13.00000     1.14999     0.56250   100.00000     0.35999     3.00000     0.79999   137.00000   110.00000     1.30000     0.00000   100.00000  
DE17    19.00000     6.00000    15.00000     1.09000     0.56250   100.00000     0.35999     0.05470     0.79999   139.00000   110.00000     1.30000     0.00000     0.01302  
DE18    21.00000     6.00000    15.00000     1.09000     0.56250   100.00000     0.35999     0.46669     0.79999   139.00000   110.00000     1.30000     0.00000     0.16055  
DE19    19.00000     6.00000    15.00000     1.09000     0.56250   100.00000     0.35999     0.11577     0.79999   139.00000   110.00000     1.30000     0.00000     0.03608  
DE20    21.00000     6.00000    18.00000     1.09000     0.56250   100.00000   100.00000     0.40753     1.00000   139.00000   110.00000     1.30000     0.00000     0.13863  
DE21    22.89844     6.00000    15.00000     1.09000     0.56250   100.00000     0.35999     0.78752     0.79999   139.00000   110.00000     1.30000     0.00000   100.00000  
DE22    21.00000     6.00000    15.00000     1.09000     0.56250   100.00000     0.35999     0.44918     0.79999   142.00000   110.00000     1.30000     0.00000     0.15466  
DE23    23.00000     6.00000    15.00000     1.09000     0.56250   100.00000     0.35999     0.88125     0.79999   125.00000   110.00000     1.30000     0.00000   100.00000  
DE24    19.00000     6.00000    15.00000     1.09000     0.56250   100.00000     0.35999     0.50000     0.79999   139.00000   110.00000     1.30000     0.00000     0.00000  
DE25    21.00000     6.00000    18.00000     1.09000     0.56250   100.00000   100.00000     0.32941     1.00000   139.00000   110.00000     1.30000     0.00000     0.15060  
DE26    23.00000     6.00000    15.00000     1.04999     0.56250   100.00000     0.35999     0.94938     0.79999   133.59770   110.00000     1.30000     0.00000   100.00000  
DE27    17.00000     6.00000    15.00000     1.09000     0.56250   100.00000     0.35999     0.02484     0.79999   134.50000   110.00000     1.30000     0.00000     0.00637  
DE28    22.79688   100.00000     7.00000     1.00000     0.72498   100.00000     0.35999     3.00000     0.79999   133.59770   110.00000     1.30000     0.00000   100.00000  
DE29    24.50000     8.00000    18.00000     1.09000     0.56250   100.00000  999984.00000     2.84938  999984.00000   133.59770   110.00000     1.30000     0.00000   100.00000  
DE30    19.00000    15.00000    20.00000     0.95000     0.56250   100.00000   100.00000     0.02616     0.79999   131.98180   110.00000     1.30000     0.00000     0.00081  
DE31    22.00000     6.00000    15.00000     0.98999     0.56250   100.00000     0.35999     0.69625     0.79999   134.00000   110.00000     1.30000     0.00000   100.00000  
DE32    19.00000     6.00000    15.00000     0.98000     0.56250   100.00000     0.35999     0.15463     0.79999   139.00000   110.00000     1.30000     0.00000     0.04616  
DE33    21.00000   100.00000     7.00000     1.14999     0.87500   100.00000     0.50000     3.00000     0.79999   135.00000   110.00000     1.30000     0.00000   100.00000  
DE34    21.00000   100.00000     8.39267     1.04999     0.62500   100.00000  999984.00000     0.64370  999984.00000   136.89840   110.00000     1.30000     0.00000   100.00000  
DE35    21.00000   100.00000    15.00000     1.09000     0.56250   100.00000     0.35999     3.00000     0.79999   127.39840   110.00000     1.30000     0.00000   100.00000  
DE36    21.79688     8.00000    18.00000     1.25000     0.72498   100.00000  999984.00000     2.72115  999984.00000   140.00000   110.00000     1.30000     0.00000   100.00000  
DE37    23.00000   100.00000     8.00000     1.09000     0.56250   100.00000     0.35999     3.00000     0.79999   125.00000   110.00000     1.30000     0.00000   100.00000  
DE38    25.50000   100.00000     8.50000     1.14999     0.63749   100.00000     0.59999     3.00000     0.79999   133.44920   110.00000     1.30000     0.00000   100.00000  
DE39    21.00000   100.00000     8.04014     1.20000     0.62500   100.00000  999984.00000     0.81139  999984.00000   132.31010   110.00000     1.30000     0.00000   100.00000  
DE40    23.03906   100.00000    15.00000     1.34985     0.67499   100.00000     0.35999     0.50000     0.79999   137.50000   110.00000     1.30000     0.00000     0.00000  
DE41    19.50000     8.00000    15.00000     0.96999     0.66250   100.00000     0.35999     1.58354  999984.00000   138.00000   110.00000     1.30000     0.00000   100.00000  
DE42    17.00000   100.00000    18.00000     1.09000     0.56250   100.00000     0.35999     3.00000     1.49976   129.19920   110.00000     1.30000     0.00000   100.00000  
DE43    21.00000     6.00000    19.00000     0.95000     0.62500   100.00000     0.35999     0.50884     1.00000   127.89840   110.00000     1.30000     0.00000   100.00000  
DE44    19.00000     6.00000    15.00000     1.09000     0.56250   100.00000     0.35999     0.26774  999984.00000   131.19920   110.00000     1.30000     0.00000     0.09259  
DE45    19.00000   100.00000     8.47256     1.04999     0.69088   100.00000  999984.00000     0.12514  999984.00000   127.12550   110.00000     1.30000     0.00000     0.01410  
DE46    19.00000     6.00000    15.00000     1.09000     0.56250   100.00000     0.35999     0.00849     0.79999   133.59770   110.00000     1.30000     0.00000     0.00105  
DE47    21.00000     6.00000    15.00000     1.09000     0.56250   100.00000     0.35999     0.63139     0.79999   133.59770   110.00000     1.30000     0.00000   100.00000  
DE48    23.00000     6.50000    15.00000     1.09000     0.56250   100.00000     0.35999     1.11318     0.79999   133.59770   110.00000     1.30000     0.00000   100.00000  
DE49    19.00000     6.00000    15.00000     1.09000     0.56250   100.00000     0.35999     0.17708     0.79999   133.59770   110.00000     1.30000     0.00000     0.05564  
DE50    23.00000     6.00000    15.00000     1.09000     0.56250   100.00000     0.35999     1.01147     0.79999   133.59770   110.00000     1.30000     0.00000   100.00000  
;

param specs_lb: NU01 NU02 NU03 NU04 NU05 NU06 NU07 NU08 NU09 NU10 NU11 NU12 NU13 NU14 :=
DE01    18.00000     2.79980     0.00000     1.00000     0.57999     1.79984     0.21999     0.00000     0.29999   123.59770    90.00000     1.30000     0.00000     0.00000  
DE02    18.00000     2.29980     0.00000     1.00000     0.54999     0.00000     0.21999     0.00000     0.29999   117.39840    90.00000     1.30000     0.00000     0.00000  
DE03    16.00000     2.29980     0.00000     0.75000     0.54999     0.70000     0.21999     0.00000     0.29999   115.00000    90.00000     1.30000     0.00000     0.00000  
DE04    18.00000     2.29980     0.00000     1.00000     0.54999     1.64970     0.21999     0.00000     0.29999   115.00000    90.00000     1.30000     0.00000     0.00000  
DE05    14.00000     1.79980     0.00000     0.59999     0.45000     0.00000     0.15999     0.00000     0.29999   108.79690    90.00000     1.30000     0.00000     0.00000  
DE06    15.89322     4.07688     0.00000     0.69998     0.71412     0.00000     0.21998     0.00000     0.32389   110.52920    90.00000     1.30000     0.00000     0.00000  
DE07    15.69995     1.79980     0.00000     0.59999     0.45000     0.00000     0.21999     0.00000     0.29999   108.79690    90.00000     1.30000     0.00000     0.00000  
DE08    14.00000     2.29980     0.00000     0.62000     0.54999     0.00220     0.15999     0.00000     0.29999   117.39840    90.00000     1.30000     0.00000     0.00000  
DE09    16.00000     2.79980     0.00000     0.84999     0.57999     0.31846     0.12000     0.00000     0.29999   123.59770    90.00000     1.30000     0.00000     0.00000  
DE10    18.00000     2.79980     0.00000     0.95000     0.57999     1.79991     0.20000     0.00000     0.29999   121.19920    90.00000     1.30000     0.00000     0.00000  
DE11    16.00000     2.50000     5.00000     0.84999     0.54999     2.24989     0.14000     0.00000     0.29999   117.39840    90.00000     1.30000     0.00000     0.00000  
DE12    19.79688     2.29980     0.00000     1.09985     0.54999     1.64970     0.28000     0.00000     0.29999   116.79690    90.00000     1.30000     0.00000     0.00000  
DE13    15.79980     2.79980     0.00000     0.75000     0.57999     0.04970     0.21999     0.00000     0.29999   123.59770    90.00000     1.30000     0.00000     0.00000  
DE14    18.00000     2.79980     0.00000     0.98000     0.57999     0.03080     0.21999     0.00000     0.29999   123.59770    90.00000     1.30000     0.00000     0.00000  
DE15    13.89990     4.79980    10.00000     1.00000     0.59999     0.06650     0.21999     0.00000     0.29999   131.00000    90.00000     1.30000     0.00000     0.00000  
DE16    17.89844     2.79980     0.00000     0.89999     0.45000     1.64970     0.21999     0.00000     0.29999   127.00000    90.00000     1.30000     0.00000     0.00000  
DE17    14.00000     2.00000     5.00000     0.84000     0.45000     0.34527     0.14000     0.00000     0.39999   129.00000    90.00000     1.30000     0.00000     0.00000  
DE18    16.00000     2.00000     5.00000     0.84000     0.45000     0.32969     0.14000     0.00000     0.39999   129.00000    90.00000     1.30000     0.00000     0.00000  
DE19    14.00000     2.00000     5.00000     0.84000     0.45000     1.79991     0.14000     0.00000     0.39999   129.00000    90.00000     1.30000     0.00000     0.00000  
DE20    16.00000     2.50000     5.00000     0.84000     0.45000     1.79991     0.00000     0.00000     0.39999   129.00000    90.00000     1.30000     0.00000     0.00000  
DE21    17.89844     2.00000     5.00000     0.84000     0.45000     1.79991     0.14000     0.00000     0.39999   129.00000    90.00000     1.30000     0.00000     0.00000  
DE22    16.00000     2.00000     5.00000     0.84000     0.45000     0.33036     0.14000     0.00000     0.39999   132.00000    90.00000     1.30000     0.00000     0.00000  
DE23    18.00000     2.00000     5.00000     0.84000     0.45000     1.79991     0.14000     0.00000     0.39999   115.00000    90.00000     1.30000     0.00000     0.00000  
DE24    14.00000     2.00000     5.00000     0.84000     0.45000     1.79991     0.14000     0.00000     0.39999   129.00000    90.00000     1.30000     0.00000     0.00000  
DE25    16.00000     2.50000     5.00000     0.84000     0.45000     1.79991     0.00000     0.00000     0.39999   129.00000    90.00000     1.30000     0.00000     0.00000  
DE26    18.00000     2.00000     5.00000     0.79999     0.45000     1.79991     0.14000     0.00000     0.29999   123.59770    90.00000     1.30000     0.00000     0.00000  
DE27    12.00000     0.00000     0.00000     0.84000     0.45000     0.27427     0.14000     0.00000     0.40000   124.50000    90.00000     1.30000     0.00000     0.00000  
DE28    17.79688     2.79980     0.00000     0.75000     0.57999     1.64970     0.21999     0.00000     0.29999   123.59770    90.00000     1.30000     0.00000     0.00000  
DE29    19.50000     3.50000     5.50000     0.84000     0.45000     0.72432     0.20000     0.00000     0.39999   123.59770    90.00000     1.30000     0.00000     0.00000  
DE30    14.00000     2.00000     3.00000     0.70000     0.45000     0.41292     0.00000     0.00000     0.29999   121.98180    90.00000     1.30000     0.00000     0.00000  
DE31    17.00000     2.00000     7.00000     0.73999     0.45000     0.28271     0.14000     0.00000     0.29999   124.00000    90.00000     1.30000     0.00000     0.00000  
DE32    14.00000     2.00000     0.00000     0.73000     0.45000     2.24989     0.14000     0.00000     0.29999   129.00000    90.00000     1.30000     0.00000     0.00000  
DE33    16.00000     3.79980     0.00000     0.89999     0.70000     1.64970     0.20000     0.00000     0.73000   125.00000    90.00000     1.30000     0.00000     0.00000  
DE34    16.00000     4.00000     0.00000     0.79999     0.50000     0.26618     0.22573     0.00000     0.38789   126.89840    90.00000     1.30000     0.00000     0.00000  
DE35    16.00000     3.89539     0.00000     0.84000     0.45000     0.80000     0.21999     0.00000     0.39999   117.39840    90.00000     1.30000     0.00000     0.00000  
DE36    16.79688     2.00000     5.50000     1.00000     0.57999     2.54980     0.20000     0.00000     0.50000   130.00000    90.00000     1.30000     0.00000     0.00000  
DE37    18.00000     2.29980     0.00000     0.84000     0.45000     1.49992     0.21999     0.00000     0.39999   115.00000    90.00000     1.30000     0.00000     0.00000  
DE38    20.50000     2.79980     0.00000     0.89999     0.50999     1.94961     0.25999     0.00000     0.29999   123.44920    90.00000     1.30000     0.00000     0.00000  
DE39    16.00000     5.00000     0.00000     0.95000     0.50000     4.49977     0.19795     0.00000     0.84999   122.31010    90.00000     1.30000     0.00000     0.00000  
DE40    18.03906     5.86987     7.95996     1.09985     0.53999     2.24989     0.20000     0.00000     0.60999   127.50000    90.00000     1.30000     0.00000     0.00000  
DE41    14.50000     2.00000     7.00000     0.71999     0.53000     1.79991     0.20000     0.00000     0.51999   128.00000    90.00000     1.30000     0.00000     0.00000  
DE42    12.00000     2.29980     5.00000     0.84000     0.45000     2.24989     0.18999     0.00000     0.39999   119.19920    90.00000     1.30000     0.00000     0.00000  
DE43    16.00000     2.79980     8.79980     0.70000     0.50000     0.21365     0.18999     0.00000     0.40000   117.89840    90.00000     1.30000     0.00000     0.00000  
DE44    14.00000     2.00000     7.19995     0.84000     0.45000     2.24989     0.14000     0.00000     0.29999   121.19920    90.00000     1.30000     0.00000     0.00000  
DE45    14.00000     4.80819     0.00000     0.79999     0.55270     2.24989     0.23012     0.00000     0.82833   117.12550    90.00000     1.30000     0.00000     0.00000  
DE46    14.00000     1.00000     7.89990     0.84000     0.45000     0.35006     0.14000     0.00000     0.39999   123.59770    90.00000     1.30000     0.00000     0.00000  
DE47    16.00000     1.00000     8.00000     0.84000     0.45000     0.30016     0.14000     0.00000     0.39999   123.59770    90.00000     1.30000     0.00000     0.00000  
DE48    18.00000     2.00000     8.00000     0.84000     0.45000     0.30400     0.14000     0.00000     0.39999   123.59770    90.00000     1.30000     0.00000     0.00000  
DE49    14.00000     2.00000    10.00000     0.84000     0.45000     0.35895     0.14000     0.00000     0.39999   123.59770    90.00000     1.30000     0.00000     0.00000  
DE50    18.00000     2.00000     9.79980     0.84000     0.45000     0.28960     0.14000     0.00000     0.39999   123.59770    90.00000     1.30000     0.00000     0.00000  
;

param: tons :=
DE01    25.00000
DE02   115.00000
DE03    25.00000
DE04    25.00000
DE05    25.00000
DE06    25.00000
DE07    25.00000
DE08    25.00000
DE09    25.00000
DE10    25.00000
DE11    25.00000
DE12    25.00000
DE13    25.00000
DE14    25.00000
DE15    25.00000
DE16    25.00000
DE17    25.00000
DE18    25.00000
DE19    25.00000
DE20    25.00000
DE21    33.00000
DE22    25.00000
DE23    33.00000
DE24    25.00000
DE25    25.00000
DE26    28.00000
DE27    36.00000
DE28    25.00000
DE29    54.00000
DE30    25.00000
DE31    25.00000
DE32    25.00000
DE33    27.00000
DE34    25.00000
DE35    25.00000
DE36    32.00000
DE37    25.00000
DE38    25.00000
DE39    25.00000
DE40    25.00000
DE41    25.00000
DE42    25.00000
DE43    25.00000
DE44    25.00000
DE45    25.00000
DE46    25.00000
DE47    50.00000
DE48    25.00000
DE49    41.00000
DE50    25.00000
;

param: RMcost :=
RM01   107.75000
RM02    77.25000
RM03   103.57000
RM04    99.04000
RM05   236.00000
RM06   268.50000
RM07    97.25000
RM08   106.92000
RM09    86.00000
RM10   113.50000
RM11    92.00000
RM12   120.00000
RM13     2.25000
RM14    44.75000
RM15   102.25000
RM16    80.00000
RM17   142.00000
RM18   170.00000
RM19   110.00000
RM20   354.00000
RM21   305.61000
RM22   264.38000
RM23   600.00000
RM24    36.00000
RM25   350.00000
RM26    55.00000
RM27   260.00000
RM28   303.50000
RM29   303.50000
RM30   102.50000
RM31   102.50000
RM32   178.32000
RM33   269.00000
RM34   275.00000
RM35   242.33000
RM36   107.75000
RM37  100076.00000
RM38   103.57000
RM39  100098.00000
RM40  100235.00000
RM41   268.50000
RM42  100096.00000
RM43  100106.00000
RM44  100085.00000
RM45  100113.00000
RM46    92.00000
RM47  100119.00000
RM48  100001.00000
RM49  100044.00000
RM50  100101.00000
RM51  100079.00000
RM52  100141.00000
RM53  100169.00000
RM54  100109.00000
RM55  100353.00000
RM56   305.61000
RM57  100263.00000
RM58  100599.00000
RM59  100035.00000
RM60  100349.00000
RM61  100054.00000
RM62  100259.00000
RM63   303.50000
RM64  100303.00000
RM65   102.50000
RM66  100102.00000
RM67   178.32000
RM68  100268.00000
RM69  100274.00000
RM70  100241.00000
;

param mu_lb: RM01 RM02 RM03 RM04 RM05 RM06 RM07 RM08 RM09 RM10 RM11 RM12 RM13 RM14 RM15 RM16 RM17 RM18 RM19 RM20 RM21 RM22 RM23 RM24 RM25 RM26 RM27 RM28 RM29 RM30 RM31 RM32 RM33 RM34 RM35 RM36 RM37 RM38 RM39 RM40 RM41 RM42 RM43 RM44 RM45 RM46 RM47 RM48 RM49 RM50 RM51 RM52 RM53 RM54 RM55 RM56 RM57 RM58 RM59 RM60 RM61 RM62 RM63 RM64 RM65 RM66 RM67 RM68 RM69 RM70 MI01 MI02 MI03 MI04 MI05 MI06 MI07 MI08 MI09 MI10 MI11 MI12 MI13 MI14 :=
MI01     0.00000    0.00000    0.00000    0.00000    0.00000    0.00000    0.00000    0.00000    0.00000    0.00000    0.00000    0.00000    0.00000    0.00000    0.00000    0.00000    0.00000    0.00000    0.00000    0.00000    0.00000    0.00000    0.00000    0.00000    0.00000    0.00000    0.00000    0.00000    0.00000    0.00000    0.00000    0.00000    0.00000    0.00000    0.00000    0.00000    0.00000    0.00000    0.00000    0.00000    0.00000    0.00000    0.00000    0.00000    0.00000    0.00000    0.00000    0.00000    0.00000    0.00000    0.00000    0.00000    0.00000    0.00000    0.00000    0.00000    0.00000    0.00000    0.00000    0.00000    0.00000    0.00000    0.00000    0.00000    0.00000    0.00000    0.00000    0.00000    0.00000    0.00000    0.00000    0.00000    0.00000    0.00000    0.00000    0.00000    0.00000    0.00000    0.00000    0.00000    0.00000    0.00000    0.00000    0.00000 
MI02     0.00000    0.00000    0.00000    0.00000    0.00000    0.00000    0.00000    0.00000    0.00000    0.00000    0.00000    0.00000    0.00000    0.00000    0.00000    0.00000    0.00000    0.00000    0.00000    0.00000    0.00000    0.00000    0.00000    0.00000    0.00000    0.00000    0.00000    0.00000    0.00000    0.00000    0.00000    0.00000    0.00000    0.00000    0.00000    0.00000    0.00000    0.00000    0.00000    0.00000    0.00000    0.00000    0.00000    0.00000    0.00000    0.00000    0.00000    0.00000    0.00000    0.00000    0.00000    0.00000    0.00000    0.00000    0.00000    0.00000    0.00000    0.00000    0.00000    0.00000    0.00000    0.00000    0.00000    0.00000    0.00000    0.00000    0.00000    0.00000    0.00000    0.00000    0.00000    0.00000    0.00000    0.00000    0.00000    0.00000    0.00000    0.00000    0.00000    0.00000    0.00000    0.00000    0.00000    0.00000 
MI03     0.00000    0.00000    0.00000    0.00000    0.00000    0.00000    0.00000    0.00000    0.00000    0.00000    0.00000    0.00000    0.00000    0.00000    0.00000    0.00000    0.00000    0.00000    0.00000    0.00000    0.00000    0.00000    0.00000    0.00000    0.00000    0.00000    0.00000    0.00000    0.00000    0.00000    0.00000    0.00000    0.00000    0.00000    0.00000    0.00000    0.00000    0.00000    0.00000    0.00000    0.00000    0.00000    0.00000    0.00000    0.00000    0.00000    0.00000    0.00000    0.00000    0.00000    0.00000    0.00000    0.00000    0.00000    0.00000    0.00000    0.00000    0.00000    0.00000    0.00000    0.00000    0.00000    0.00000    0.00000    0.00000    0.00000    0.00000    0.00000    0.00000    0.00000    0.00000    0.00000    0.00000    0.00000    0.00000    0.00000    0.00000    0.00000    0.00000    0.00000    0.00000    0.00000    0.00000    0.00000 
MI04     0.00000    0.00000    0.00000    0.00000    0.00000    0.00000    0.00000    0.00000    0.00000    0.00000    0.00000    0.00000    0.00000    0.00000    0.00000    0.00000    0.00000    0.00000    0.00000    0.00000    0.00000    0.00000    0.00000    0.00000    0.00000    0.00000    0.00000    0.00000    0.00000    0.00000    0.00000    0.00000    0.00000    0.00000    0.00000    0.00000    0.00000    0.00000    0.00000    0.00000    0.00000    0.00000    0.00000    0.00000    0.00000    0.00000    0.00000    0.00000    0.00000    0.00000    0.00000    0.00000    0.00000    0.00000    0.00000    0.00000    0.00000    0.00000    0.00000    0.00000    0.00000    0.00000    0.00000    0.00000    0.00000    0.00000    0.00000    0.00000    0.00000    0.00000    0.00000    0.00000    0.00000    0.00000    0.00000    0.00000    0.00000    0.00000    0.00000    0.00000    0.00000    0.00000    0.00000    0.00000 
MI05     0.00000    0.00000    0.00000    0.00000    0.00000    0.00000    0.00000    0.00000    0.00000    0.00000    0.00000    0.00000    0.00000    0.00000    0.00000    0.00000    0.00000    0.00000    0.00000    0.00000    0.00000    0.00000    0.00000    0.00000    0.00000    0.00000    0.00000    0.00000    0.00000    0.00000    0.00000    0.00000    0.00000    0.00000    0.00000    0.00000    0.00000    0.00000    0.00000    0.00000    0.00000    0.00000    0.00000    0.00000    0.00000    0.00000    0.00000    0.00000    0.00000    0.00000    0.00000    0.00000    0.00000    0.00000    0.00000    0.00000    0.00000    0.00000    0.00000    0.00000    0.00000    0.00000    0.00000    0.00000    0.00000    0.00000    0.00000    0.00000    0.00000    0.00000    0.00000    0.00000    0.00000    0.00000    0.00000    0.00000    0.00000    0.00000    0.00000    0.00000    0.00000    0.00000    0.00000    0.00000 
MI06     0.00000    0.00000    0.00000    0.00000    0.00000    0.00000    0.00000    0.00000    0.00000    0.00000    0.00000    0.00000    0.00000    0.00000    0.00000    0.00000    0.00000    0.00000    0.00000    0.00000    0.00000    0.00000    0.00000    0.00000    0.00000    0.00000    0.00000    0.00000    0.00000    0.00000    0.00000    0.00000    0.00000    0.00000    0.00000    0.00000    0.00000    0.00000    0.00000    0.00000    0.00000    0.00000    0.00000    0.00000    0.00000    0.00000    0.00000    0.00000    0.00000    0.00000    0.00000    0.00000    0.00000    0.00000    0.00000    0.00000    0.00000    0.00000    0.00000    0.00000    0.00000    0.00000    0.00000    0.00000    0.00000    0.00000    0.00000    0.00000    0.00000    0.00000    0.00000    0.00000    0.00000    0.00000    0.00000    0.00000    0.00000    0.00000    0.00000    0.00000    0.00000    0.00000    0.00000    0.00000 
MI07     0.00000    0.00000    0.00000    0.00000    0.00000    0.00000    0.00000    0.00000    0.00000    0.00000    0.00000    0.00000    0.00000    0.00000    0.00000    0.00000    0.00000    0.00000    0.00000    0.00000    0.00000    0.00000    0.00000    0.00000    0.00000    0.00000    0.00000    0.00000    0.00000    0.00000    0.00000    0.00000    0.00000    0.00000    0.00000    0.00000    0.00000    0.00000    0.00000    0.00000    0.00000    0.00000    0.00000    0.00000    0.00000    0.00000    0.00000    0.00000    0.00000    0.00000    0.00000    0.00000    0.00000    0.00000    0.00000    0.00000    0.00000    0.00000    0.00000    0.00000    0.00000    0.00000    0.00000    0.00000    0.00000    0.00000    0.00000    0.00000    0.00000    0.00000    0.00000    0.00000    0.00000    0.00000    0.00000    0.00000    0.00000    0.00000    0.00000    0.00000    0.00000    0.00000    0.00000    0.00000 
MI08     0.00000    0.00000    0.00000    0.00000    0.00000    0.00000    0.00000    0.00000    0.00000    0.00000    0.00000    0.00000    0.00000    0.00000    0.00000    0.00000    0.00000    0.00000    0.00000    0.00000    0.00000    0.00000    0.00000    0.00000    0.00000    0.00000    0.00000    0.00000    0.00000    0.00000    0.00000    0.00000    0.00000    0.00000    0.00000    0.00000    0.00000    0.00000    0.00000    0.00000    0.00000    0.00000    0.00000    0.00000    0.00000    0.00000    0.00000    0.00000    0.00000    0.00000    0.00000    0.00000    0.00000    0.00000    0.00000    0.00000    0.00000    0.00000    0.00000    0.00000    0.00000    0.00000    0.00000    0.00000    0.00000    0.00000    0.00000    0.00000    0.00000    0.00000    0.00000    0.00000    0.00000    0.00000    0.00000    0.00000    0.00000    0.00000    0.00000    0.00000    0.00000    0.00000    0.00000    0.00000 
MI09     0.00000    0.00000    0.00000    0.00000    0.00000    0.00000    0.00000    0.00000    0.00000    0.00000    0.00000    0.00000    0.00000    0.00000    0.00000    0.00000    0.00000    0.00000    0.00000    0.00000    0.00000    0.00000    0.00000    0.00000    0.00000    0.00000    0.00000    0.00000    0.00000    0.00000    0.00000    0.00000    0.00000    0.00000    0.00000    0.00000    0.00000    0.00000    0.00000    0.00000    0.00000    0.00000    0.00000    0.00000    0.00000    0.00000    0.00000    0.00000    0.00000    0.00000    0.00000    0.00000    0.00000    0.00000    0.00000    0.00000    0.00000    0.00000    0.00000    0.00000    0.00000    0.00000    0.00000    0.00000    0.00000    0.00000    0.00000    0.00000    0.00000    0.00000    0.00000    0.00000    0.00000    0.00000    0.00000    0.00000    0.00000    0.00000    0.00000    0.00000    0.00000    0.00000    0.00000    0.00000 
MI10     0.00000    0.00000    0.00000    0.00000    0.00000    0.00000    0.00000    0.00000    0.00000    0.00000    0.00000    0.00000    0.00000    0.00000    0.00000    0.00000    0.00000    0.00000    0.00000    0.00000    0.00000    0.00000    0.00000    0.00000    0.00000    0.00000    0.00000    0.00000    0.00000    0.00000    0.00000    0.00000    0.00000    0.00000    0.00000    0.00000    0.00000    0.00000    0.00000    0.00000    0.00000    0.00000    0.00000    0.00000    0.00000    0.00000    0.00000    0.00000    0.00000    0.00000    0.00000    0.00000    0.00000    0.00000    0.00000    0.00000    0.00000    0.00000    0.00000    0.00000    0.00000    0.00000    0.00000    0.00000    0.00000    0.00000    0.00000    0.00000    0.00000    0.00000    0.00000    0.00000    0.00000    0.00000    0.00000    0.00000    0.00000    0.00000    0.00000    0.00000    0.00000    0.00000    0.00000    0.00000 
MI11     0.00000    0.00000    0.00000    0.00000    0.00000    0.00000    0.00000    0.00000    0.00000    0.00000    0.00000    0.00000    0.00000    0.00000    0.00000    0.00000    0.00000    0.00000    0.00000    0.00000    0.00000    0.00000    0.00000    0.00000    0.00000    0.00000    0.00000    0.00000    0.00000    0.00000    0.00000    0.00000    0.00000    0.00000    0.00000    0.00000    0.00000    0.00000    0.00000    0.00000    0.00000    0.00000    0.00000    0.00000    0.00000    0.00000    0.00000    0.00000    0.00000    0.00000    0.00000    0.00000    0.00000    0.00000    0.00000    0.00000    0.00000    0.00000    0.00000    0.00000    0.00000    0.00000    0.00000    0.00000    0.00000    0.00000    0.00000    0.00000    0.00000    0.00000    0.00000    0.00000    0.00000    0.00000    0.00000    0.00000    0.00000    0.00000    0.00000    0.00000    0.00000    0.00000    0.00000    0.00000 
MI12     0.00000    0.00000    0.00000    0.00000    0.00000    0.00000    0.00000    0.00000    0.00000    0.00000    0.00000    0.00000    0.00000    0.00000    0.00000    0.00000    0.00000    0.00000    0.00000    0.00000    0.00000    0.00000    0.00000    0.00000    0.00000    0.00000    0.00000    0.00000    0.00000    0.00000    0.00000    0.00000    0.00000    0.00000    0.00000    0.00000    0.00000    0.00000    0.00000    0.00000    0.00000    0.00000    0.00000    0.00000    0.00000    0.00000    0.00000    0.00000    0.00000    0.00000    0.00000    0.00000    0.00000    0.00000    0.00000    0.00000    0.00000    0.00000    0.00000    0.00000    0.00000    0.00000    0.00000    0.00000    0.00000    0.00000    0.00000    0.00000    0.00000    0.00000    0.00000    0.00000    0.00000    0.00000    0.00000    0.00000    0.00000    0.00000    0.00000    0.00000    0.00000    0.00000    0.00000    0.00000 
MI13     0.00000    0.00000    0.00000    0.00000    0.00000    0.00000    0.00000    0.00000    0.00000    0.00000    0.00000    0.00000    0.00000    0.00000    0.00000    0.00000    0.00000    0.00000    0.00000    0.00000    0.00000    0.00000    0.00000    0.00000    0.00000    0.00000    0.00000    0.00000    0.00000    0.00000    0.00000    0.00000    0.00000    0.00000    0.00000    0.00000    0.00000    0.00000    0.00000    0.00000    0.00000    0.00000    0.00000    0.00000    0.00000    0.00000    0.00000    0.00000    0.00000    0.00000    0.00000    0.00000    0.00000    0.00000    0.00000    0.00000    0.00000    0.00000    0.00000    0.00000    0.00000    0.00000    0.00000    0.00000    0.00000    0.00000    0.00000    0.00000    0.00000    0.00000    0.00000    0.00000    0.00000    0.00000    0.00000    0.00000    0.00000    0.00000    0.00000    0.00000    0.00000    0.00000    0.00000    0.00000 
MI14     0.00000    0.00000    0.00000    0.00000    0.00000    0.00000    0.00000    0.00000    0.00000    0.00000    0.00000    0.00000    0.00000    0.00000    0.00000    0.00000    0.00000    0.00000    0.00000    0.00000    0.00000    0.00000    0.00000    0.00000    0.00000    0.00000    0.00000    0.00000    0.00000    0.00000    0.00000    0.00000    0.00000    0.00000    0.00000    0.00000    0.00000    0.00000    0.00000    0.00000    0.00000    0.00000    0.00000    0.00000    0.00000    0.00000    0.00000    0.00000    0.00000    0.00000    0.00000    0.00000    0.00000    0.00000    0.00000    0.00000    0.00000    0.00000    0.00000    0.00000    0.00000    0.00000    0.00000    0.00000    0.00000    0.00000    0.00000    0.00000    0.00000    0.00000    0.00000    0.00000    0.00000    0.00000    0.00000    0.00000    0.00000    0.00000    0.00000    0.00000    0.00000    0.00000    0.00000    0.00000 
;

param mu_ub: RM01 RM02 RM03 RM04 RM05 RM06 RM07 RM08 RM09 RM10 RM11 RM12 RM13 RM14 RM15 RM16 RM17 RM18 RM19 RM20 RM21 RM22 RM23 RM24 RM25 RM26 RM27 RM28 RM29 RM30 RM31 RM32 RM33 RM34 RM35 RM36 RM37 RM38 RM39 RM40 RM41 RM42 RM43 RM44 RM45 RM46 RM47 RM48 RM49 RM50 RM51 RM52 RM53 RM54 RM55 RM56 RM57 RM58 RM59 RM60 RM61 RM62 RM63 RM64 RM65 RM66 RM67 RM68 RM69 RM70 MI01 MI02 MI03 MI04 MI05 MI06 MI07 MI08 MI09 MI10 MI11 MI12 MI13 MI14 :=
MI01     0.00000    0.09395    0.00000   90.00000   90.00000    0.00000    0.04541    0.20000    0.08000   90.00000    0.00000   90.00000    0.08196    0.10000    0.00008   90.00000    0.25000   90.00000    0.04468    1.00000    0.00000    1.00000    0.02500   90.00000   90.00000    0.07500    0.05000    0.00000    0.02107    0.00000    0.05000    0.00000   90.00000   90.00000   30.01700    0.00000    0.00000    0.00000    0.00000    0.00000    0.00000    0.00000    0.00000    0.00000    0.00000    0.00000    0.00000    0.00000    0.00000    0.00000    0.00000    0.00000    0.00000    0.00000    0.00000    0.00000    0.00000    0.00000    0.00000    0.00000    0.00000    0.00000    0.00000    0.00000    0.00000    0.00000    0.00000    0.00000    0.00000    0.00000    0.00000    0.00000    0.00000    0.00000    0.00000    0.00000    0.00000    0.00000    0.00000    0.00000    0.00000    0.00000    0.00000    0.00000 
MI02     0.00000    0.09395    0.00000   90.00000   90.00000    0.00000    0.04541    0.20000    0.08000   90.00000    0.00000   90.00000    0.08196    0.10000    0.00008   90.00000    0.25000   90.00000    0.04468    1.00000    0.00000    1.00000    0.02500   90.00000   90.00000    0.07500    0.05000    0.00000    0.02107    0.00000    0.05000    0.00000   90.00000   90.00000   30.01700    0.00000    0.00000    0.00000    0.00000    0.00000    0.00000    0.00000    0.00000    0.00000    0.00000    0.00000    0.00000    0.00000    0.00000    0.00000    0.00000    0.00000    0.00000    0.00000    0.00000    0.00000    0.00000    0.00000    0.00000    0.00000    0.00000    0.00000    0.00000    0.00000    0.00000    0.00000    0.00000    0.00000    0.00000    0.00000    0.00000    0.00000    0.00000    0.00000    0.00000    0.00000    0.00000    0.00000    0.00000    0.00000    0.00000    0.00000    0.00000    0.00000 
MI03     0.00000    0.09395    0.00000   90.00000   90.00000    0.00000    0.04541    0.20000    0.08000   90.00000    0.00000   90.00000    0.08196    0.10000    0.00008   90.00000    0.25000   90.00000    0.04468    1.00000    0.00000    1.00000    0.02500   90.00000   90.00000    0.07500    0.05000    0.00000    0.02107    0.00000    0.05000    0.00000   90.00000   90.00000   30.01700    0.00000    0.00000    0.00000    0.00000    0.00000    0.00000    0.00000    0.00000    0.00000    0.00000    0.00000    0.00000    0.00000    0.00000    0.00000    0.00000    0.00000    0.00000    0.00000    0.00000    0.00000    0.00000    0.00000    0.00000    0.00000    0.00000    0.00000    0.00000    0.00000    0.00000    0.00000    0.00000    0.00000    0.00000    0.00000    0.00000    0.00000    0.00000    0.00000    0.00000    0.00000    0.00000    0.00000    0.00000    0.00000    0.00000    0.00000    0.00000    0.00000 
MI04     0.00000    0.09395    0.00000   90.00000   90.00000    0.00000    0.04541    0.20000    0.08000   90.00000    0.00000   90.00000    0.08196    0.10000    0.00008   90.00000    0.25000   90.00000    0.04468    1.00000    0.00000    1.00000    0.02500   90.00000   90.00000    0.07500    0.05000    0.00000    0.02107    0.00000    0.05000    0.00000   90.00000   90.00000   30.01700    0.00000    0.00000    0.00000    0.00000    0.00000    0.00000    0.00000    0.00000    0.00000    0.00000    0.00000    0.00000    0.00000    0.00000    0.00000    0.00000    0.00000    0.00000    0.00000    0.00000    0.00000    0.00000    0.00000    0.00000    0.00000    0.00000    0.00000    0.00000    0.00000    0.00000    0.00000    0.00000    0.00000    0.00000    0.00000    0.00000    0.00000    0.00000    0.00000    0.00000    0.00000    0.00000    0.00000    0.00000    0.00000    0.00000    0.00000    0.00000    0.00000 
MI05     0.00000    0.09395    0.00000   90.00000   90.00000    0.00000    0.04541    0.20000    0.08000   90.00000    0.00000   90.00000    0.08196    0.10000    0.00008   90.00000    0.25000   90.00000    0.04468    1.00000    0.00000    1.00000    0.02500   90.00000   90.00000    0.07500    0.05000    0.00000    0.02107    0.00000    0.05000    0.00000   90.00000   90.00000   30.01700    0.00000    0.00000    0.00000    0.00000    0.00000    0.00000    0.00000    0.00000    0.00000    0.00000    0.00000    0.00000    0.00000    0.00000    0.00000    0.00000    0.00000    0.00000    0.00000    0.00000    0.00000    0.00000    0.00000    0.00000    0.00000    0.00000    0.00000    0.00000    0.00000    0.00000    0.00000    0.00000    0.00000    0.00000    0.00000    0.00000    0.00000    0.00000    0.00000    0.00000    0.00000    0.00000    0.00000    0.00000    0.00000    0.00000    0.00000    0.00000    0.00000 
MI06     0.00000    0.09395    0.00000   90.00000   90.00000    0.00000    0.04541    0.20000    0.08000   90.00000    0.00000   90.00000    0.08196    0.10000    0.00008   90.00000    0.25000   90.00000    0.04468    1.00000    0.00000    1.00000    0.02500   90.00000   90.00000    0.07500    0.05000    0.00000    0.02107    0.00000    0.05000    0.00000   90.00000   90.00000   30.01700    0.00000    0.00000    0.00000    0.00000    0.00000    0.00000    0.00000    0.00000    0.00000    0.00000    0.00000    0.00000    0.00000    0.00000    0.00000    0.00000    0.00000    0.00000    0.00000    0.00000    0.00000    0.00000    0.00000    0.00000    0.00000    0.00000    0.00000    0.00000    0.00000    0.00000    0.00000    0.00000    0.00000    0.00000    0.00000    0.00000    0.00000    0.00000    0.00000    0.00000    0.00000    0.00000    0.00000    0.00000    0.00000    0.00000    0.00000    0.00000    0.00000 
MI07     0.00000    0.09395    0.00000   90.00000   90.00000    0.00000    0.04541    0.20000    0.08000   90.00000    0.00000   90.00000    0.08196    0.10000    0.00008   90.00000    0.25000   90.00000    0.04468    1.00000    0.00000    1.00000    0.02500   90.00000   90.00000    0.07500    0.05000    0.00000    0.02107    0.00000    0.05000    0.00000   90.00000   90.00000   30.01700    0.00000    0.00000    0.00000    0.00000    0.00000    0.00000    0.00000    0.00000    0.00000    0.00000    0.00000    0.00000    0.00000    0.00000    0.00000    0.00000    0.00000    0.00000    0.00000    0.00000    0.00000    0.00000    0.00000    0.00000    0.00000    0.00000    0.00000    0.00000    0.00000    0.00000    0.00000    0.00000    0.00000    0.00000    0.00000    0.00000    0.00000    0.00000    0.00000    0.00000    0.00000    0.00000    0.00000    0.00000    0.00000    0.00000    0.00000    0.00000    0.00000 
MI08     0.00000    0.09395    0.00000   90.00000   90.00000    0.00000    0.04541    0.20000    0.08000   90.00000    0.00000   90.00000    0.08196    0.10000    0.00008   90.00000    0.25000   90.00000    0.04468    1.00000    0.00000    1.00000    0.02500   90.00000   90.00000    0.07500    0.05000    0.00000    0.02107    0.00000    0.05000    0.00000   90.00000   90.00000   30.01700    0.00000    0.00000    0.00000    0.00000    0.00000    0.00000    0.00000    0.00000    0.00000    0.00000    0.00000    0.00000    0.00000    0.00000    0.00000    0.00000    0.00000    0.00000    0.00000    0.00000    0.00000    0.00000    0.00000    0.00000    0.00000    0.00000    0.00000    0.00000    0.00000    0.00000    0.00000    0.00000    0.00000    0.00000    0.00000    0.00000    0.00000    0.00000    0.00000    0.00000    0.00000    0.00000    0.00000    0.00000    0.00000    0.00000    0.00000    0.00000    0.00000 
MI09     0.00000    0.09395    0.00000   90.00000   90.00000    0.00000    0.04541    0.20000    0.08000   90.00000    0.00000   90.00000    0.08196    0.10000    0.00008   90.00000    0.25000   90.00000    0.04468    1.00000    0.00000    1.00000    0.02500   90.00000   90.00000    0.07500    0.05000    0.00000    0.02107    0.00000    0.05000    0.00000   90.00000   90.00000   30.01700    0.00000    0.00000    0.00000    0.00000    0.00000    0.00000    0.00000    0.00000    0.00000    0.00000    0.00000    0.00000    0.00000    0.00000    0.00000    0.00000    0.00000    0.00000    0.00000    0.00000    0.00000    0.00000    0.00000    0.00000    0.00000    0.00000    0.00000    0.00000    0.00000    0.00000    0.00000    0.00000    0.00000    0.00000    0.00000    0.00000    0.00000    0.00000    0.00000    0.00000    0.00000    0.00000    0.00000    0.00000    0.00000    0.00000    0.00000    0.00000    0.00000 
MI10     0.00000    0.09395    0.00000   90.00000   90.00000    0.00000    0.04541    0.20000    0.08000   90.00000    0.00000   90.00000    0.08196    0.10000    0.00008   90.00000    0.25000   90.00000    0.04468    1.00000    0.00000    1.00000    0.02500   90.00000   90.00000    0.07500    0.05000    0.00000    0.02107    0.00000    0.05000    0.00000   90.00000   90.00000   30.01700    0.00000    0.00000    0.00000    0.00000    0.00000    0.00000    0.00000    0.00000    0.00000    0.00000    0.00000    0.00000    0.00000    0.00000    0.00000    0.00000    0.00000    0.00000    0.00000    0.00000    0.00000    0.00000    0.00000    0.00000    0.00000    0.00000    0.00000    0.00000    0.00000    0.00000    0.00000    0.00000    0.00000    0.00000    0.00000    0.00000    0.00000    0.00000    0.00000    0.00000    0.00000    0.00000    0.00000    0.00000    0.00000    0.00000    0.00000    0.00000    0.00000 
MI11     0.00000    0.09395    0.00000   90.00000   90.00000    0.00000    0.04541    0.20000    0.08000   90.00000    0.00000   90.00000    0.08196    0.10000    0.00008   90.00000    0.25000   90.00000    0.04468    1.00000    0.00000    1.00000    0.02500   90.00000   90.00000    0.07500    0.05000    0.00000    0.02107    0.00000    0.05000    0.00000   90.00000   90.00000   30.01700    0.00000    0.00000    0.00000    0.00000    0.00000    0.00000    0.00000    0.00000    0.00000    0.00000    0.00000    0.00000    0.00000    0.00000    0.00000    0.00000    0.00000    0.00000    0.00000    0.00000    0.00000    0.00000    0.00000    0.00000    0.00000    0.00000    0.00000    0.00000    0.00000    0.00000    0.00000    0.00000    0.00000    0.00000    0.00000    0.00000    0.00000    0.00000    0.00000    0.00000    0.00000    0.00000    0.00000    0.00000    0.00000    0.00000    0.00000    0.00000    0.00000 
MI12     0.00000    0.09395    0.00000   90.00000   90.00000    0.00000    0.04541    0.20000    0.08000   90.00000    0.00000   90.00000    0.08196    0.10000    0.00008   90.00000    0.25000   90.00000    0.04468    1.00000    0.00000    1.00000    0.02500   90.00000   90.00000    0.07500    0.05000    0.00000    0.02107    0.00000    0.05000    0.00000   90.00000   90.00000   30.01700    0.00000    0.00000    0.00000    0.00000    0.00000    0.00000    0.00000    0.00000    0.00000    0.00000    0.00000    0.00000    0.00000    0.00000    0.00000    0.00000    0.00000    0.00000    0.00000    0.00000    0.00000    0.00000    0.00000    0.00000    0.00000    0.00000    0.00000    0.00000    0.00000    0.00000    0.00000    0.00000    0.00000    0.00000    0.00000    0.00000    0.00000    0.00000    0.00000    0.00000    0.00000    0.00000    0.00000    0.00000    0.00000    0.00000    0.00000    0.00000    0.00000 
MI13     0.00000    0.09395    0.00000   90.00000   90.00000    0.00000    0.04541    0.20000    0.08000   90.00000    0.00000   90.00000    0.08196    0.10000    0.00008   90.00000    0.25000   90.00000    0.04468    1.00000    0.00000    1.00000    0.02500   90.00000   90.00000    0.07500    0.05000    0.00000    0.02107    0.00000    0.05000    0.00000   90.00000   90.00000   30.01700    0.00000    0.00000    0.00000    0.00000    0.00000    0.00000    0.00000    0.00000    0.00000    0.00000    0.00000    0.00000    0.00000    0.00000    0.00000    0.00000    0.00000    0.00000    0.00000    0.00000    0.00000    0.00000    0.00000    0.00000    0.00000    0.00000    0.00000    0.00000    0.00000    0.00000    0.00000    0.00000    0.00000    0.00000    0.00000    0.00000    0.00000    0.00000    0.00000    0.00000    0.00000    0.00000    0.00000    0.00000    0.00000    0.00000    0.00000    0.00000    0.00000 
MI14     0.00000    0.09395    0.00000   90.00000   90.00000    0.00000    0.04541    0.20000    0.08000   90.00000    0.00000   90.00000    0.08196    0.10000    0.00008   90.00000    0.25000   90.00000    0.04468    1.00000    0.00000    1.00000    0.02500   90.00000   90.00000    0.07500    0.05000    0.00000    0.02107    0.00000    0.05000    0.00000   90.00000   90.00000   30.01700    0.00000    0.00000    0.00000    0.00000    0.00000    0.00000    0.00000    0.00000    0.00000    0.00000    0.00000    0.00000    0.00000    0.00000    0.00000    0.00000    0.00000    0.00000    0.00000    0.00000    0.00000    0.00000    0.00000    0.00000    0.00000    0.00000    0.00000    0.00000    0.00000    0.00000    0.00000    0.00000    0.00000    0.00000    0.00000    0.00000    0.00000    0.00000    0.00000    0.00000    0.00000    0.00000    0.00000    0.00000    0.00000    0.00000    0.00000    0.00000    0.00000 
;

param lam_lb: RM01 RM02 RM03 RM04 RM05 RM06 RM07 RM08 RM09 RM10 RM11 RM12 RM13 RM14 RM15 RM16 RM17 RM18 RM19 RM20 RM21 RM22 RM23 RM24 RM25 RM26 RM27 RM28 RM29 RM30 RM31 RM32 RM33 RM34 RM35 RM36 RM37 RM38 RM39 RM40 RM41 RM42 RM43 RM44 RM45 RM46 RM47 RM48 RM49 RM50 RM51 RM52 RM53 RM54 RM55 RM56 RM57 RM58 RM59 RM60 RM61 RM62 RM63 RM64 RM65 RM66 RM67 RM68 RM69 RM70 MI01 MI02 MI03 MI04 MI05 MI06 MI07 MI08 MI09 MI10 MI11 MI12 MI13 MI14 :=
DE01     0.00000    0.00000    0.00000    0.00000    0.00000    0.00000    0.00000    0.00000    0.00000    0.00000    0.00000    0.00000    0.00000    0.00000    0.00000    0.00000    0.00000    0.00000    0.00000    0.00000    0.00000    0.00000    0.00000    0.00000    0.00000    0.00000    0.00000    0.00000    0.00000    0.00000    0.00000    0.00000    0.00000    0.00000    0.00000    0.00000    0.00000    0.00000    0.00000    0.00000    0.00000    0.00000    0.00000    0.00000    0.00000    0.00000    0.00000    0.00000    0.00000    0.00000    0.00000    0.00000    0.00000    0.00000    0.00000    0.00000    0.00000    0.00000    0.00000    0.00000    0.00000    0.00000    0.00000    0.00000    0.00000    0.00000    0.00000    0.00000    0.00000    0.00000    0.00000    0.00000    0.00000    0.00000    0.00000    0.00000    0.00000    0.00000    0.00000    0.00000    0.00000    0.00000    0.00000    0.00000 
DE02     0.00000    0.00000    0.00000    0.00000    0.00000    0.00000    0.00000    0.00000    0.00000    0.00000    0.00000    0.00000    0.00000    0.00000    0.00000    0.00000    0.00000    0.00000    0.00000    0.00000    0.00000    0.00000    0.00000    0.00000    0.00000    0.00000    0.00000    0.00000    0.00000    0.00000    0.00000    0.00000    0.00000    0.00000    0.00000    0.00000    0.00000    0.00000    0.00000    0.00000    0.00000    0.00000    0.00000    0.00000    0.00000    0.00000    0.00000    0.00000    0.00000    0.00000    0.00000    0.00000    0.00000    0.00000    0.00000    0.00000    0.00000    0.00000    0.00000    0.00000    0.00000    0.00000    0.00000    0.00000    0.00000    0.00000    0.00000    0.00000    0.00000    0.00000    0.00000    0.00000    0.00000    0.00000    0.00000    0.00000    0.00000    0.00000    0.00000    0.00000    0.00000    0.00000    0.00000    0.00000 
DE03     0.00000    0.00000    0.00000    0.00000    0.00000    0.00000    0.00000    0.00000    0.00000    0.00000    0.00000    0.00000    0.00000    0.00000    0.00000    0.00000    0.00000    0.00000    0.00000    0.00000    0.00000    0.00000    0.00000    0.00000    0.00000    0.00000    0.00000    0.00000    0.00000    0.00000    0.00000    0.00000    0.00000    0.00000    0.00000    0.00000    0.00000    0.00000    0.00000    0.00000    0.00000    0.00000    0.00000    0.00000    0.00000    0.00000    0.00000    0.00000    0.00000    0.00000    0.00000    0.00000    0.00000    0.00000    0.00000    0.00000    0.00000    0.00000    0.00000    0.00000    0.00000    0.00000    0.00000    0.00000    0.00000    0.00000    0.00000    0.00000    0.00000    0.00000    0.00000    0.00000    0.00000    0.00000    0.00000    0.00000    0.00000    0.00000    0.00000    0.00000    0.00000    0.00000    0.00000    0.00000 
DE04     0.00000    0.00000    0.00000    0.00000    0.00000    0.00000    0.00000    0.00000    0.00000    0.00000    0.00000    0.00000    0.00000    0.00000    0.00000    0.00000    0.00000    0.00000    0.00000    0.00000    0.00000    0.00000    0.00000    0.00000    0.00000    0.00000    0.00000    0.00000    0.00000    0.00000    0.00000    0.00000    0.00000    0.00000    0.00000    0.00000    0.00000    0.00000    0.00000    0.00000    0.00000    0.00000    0.00000    0.00000    0.00000    0.00000    0.00000    0.00000    0.00000    0.00000    0.00000    0.00000    0.00000    0.00000    0.00000    0.00000    0.00000    0.00000    0.00000    0.00000    0.00000    0.00000    0.00000    0.00000    0.00000    0.00000    0.00000    0.00000    0.00000    0.00000    0.00000    0.00000    0.00000    0.00000    0.00000    0.00000    0.00000    0.00000    0.00000    0.00000    0.00000    0.00000    0.00000    0.00000 
DE05     0.00000    0.00000    0.00000    0.00000    0.00000    0.00000    0.00000    0.00000    0.00000    0.00000    0.00000    0.00000    0.00000    0.00000    0.00000    0.00000    0.00000    0.00000    0.00000    0.00000    0.00000    0.00000    0.00000    0.00000    0.00000    0.00000    0.00000    0.00000    0.00000    0.00000    0.00000    0.00000    0.00000    0.00000    0.00000    0.00000    0.00000    0.00000    0.00000    0.00000    0.00000    0.00000    0.00000    0.00000    0.00000    0.00000    0.00000    0.00000    0.00000    0.00000    0.00000    0.00000    0.00000    0.00000    0.00000    0.00000    0.00000    0.00000    0.00000    0.00000    0.00000    0.00000    0.00000    0.00000    0.00000    0.00000    0.00000    0.00000    0.00000    0.00000    0.00000    0.00000    0.00000    0.00000    0.00000    0.00000    0.00000    0.00000    0.00000    0.00000    0.00000    0.00000    0.00000    0.00000 
DE06     0.00000    0.00000    0.00000    0.00000    0.00000    0.00000    0.00000    0.00000    0.00000    0.00000    0.00000    0.00000    0.00000    0.00000    0.00000    0.00000    0.00000    0.00000    0.00000    0.00000    0.00000    0.00000    0.00000    0.00000    0.00000    0.00000    0.00000    0.00000    0.00000    0.00000    0.00000    0.00000    0.00000    0.00000    0.00000    0.00000    0.00000    0.00000    0.00000    0.00000    0.00000    0.00000    0.00000    0.00000    0.00000    0.00000    0.00000    0.00000    0.00000    0.00000    0.00000    0.00000    0.00000    0.00000    0.00000    0.00000    0.00000    0.00000    0.00000    0.00000    0.00000    0.00000    0.00000    0.00000    0.00000    0.00000    0.00000    0.00000    0.00000    0.00000    0.00000    0.00000    0.00000    0.00000    0.00000    0.00000    0.00000    0.00000    0.00000    0.00000    0.00000    0.00000    0.00000    0.00000 
DE07     0.00000    0.00000    0.00000    0.00000    0.00000    0.00000    0.00000    0.00000    0.00000    0.00000    0.00000    0.00000    0.00000    0.00000    0.00000    0.00000    0.00000    0.00000    0.00000    0.00000    0.00000    0.00000    0.00000    0.00000    0.00000    0.00000    0.00000    0.00000    0.00000    0.00000    0.00000    0.00000    0.00000    0.00000    0.00000    0.00000    0.00000    0.00000    0.00000    0.00000    0.00000    0.00000    0.00000    0.00000    0.00000    0.00000    0.00000    0.00000    0.00000    0.00000    0.00000    0.00000    0.00000    0.00000    0.00000    0.00000    0.00000    0.00000    0.00000    0.00000    0.00000    0.00000    0.00000    0.00000    0.00000    0.00000    0.00000    0.00000    0.00000    0.00000    0.00000    0.00000    0.00000    0.00000    0.00000    0.00000    0.00000    0.00000    0.00000    0.00000    0.00000    0.00000    0.00000    0.00000 
DE08     0.00000    0.00000    0.00000    0.00000    0.00000    0.00000    0.00000    0.00000    0.00000    0.00000    0.00000    0.00000    0.00000    0.00000    0.00000    0.00000    0.00000    0.00000    0.00000    0.00000    0.00000    0.00000    0.00000    0.00000    0.00000    0.00000    0.00000    0.00000    0.00000    0.00000    0.00000    0.00000    0.00000    0.00000    0.00000    0.00000    0.00000    0.00000    0.00000    0.00000    0.00000    0.00000    0.00000    0.00000    0.00000    0.00000    0.00000    0.00000    0.00000    0.00000    0.00000    0.00000    0.00000    0.00000    0.00000    0.00000    0.00000    0.00000    0.00000    0.00000    0.00000    0.00000    0.00000    0.00000    0.00000    0.00000    0.00000    0.00000    0.00000    0.00000    0.00000    0.00000    0.00000    0.00000    0.00000    0.00000    0.00000    0.00000    0.00000    0.00000    0.00000    0.00000    0.00000    0.00000 
DE09     0.00000    0.00000    0.00000    0.00000    0.00000    0.00000    0.00000    0.00000    0.00000    0.00000    0.00000    0.00000    0.00000    0.00000    0.00000    0.00000    0.00000    0.00000    0.00000    0.00000    0.00000    0.00000    0.00000    0.00000    0.00000    0.00000    0.00000    0.00000    0.00000    0.00000    0.00000    0.00000    0.00000    0.00000    0.00000    0.00000    0.00000    0.00000    0.00000    0.00000    0.00000    0.00000    0.00000    0.00000    0.00000    0.00000    0.00000    0.00000    0.00000    0.00000    0.00000    0.00000    0.00000    0.00000    0.00000    0.00000    0.00000    0.00000    0.00000    0.00000    0.00000    0.00000    0.00000    0.00000    0.00000    0.00000    0.00000    0.00000    0.00000    0.00000    0.00000    0.00000    0.00000    0.00000    0.00000    0.00000    0.00000    0.00000    0.00000    0.00000    0.00000    0.00000    0.00000    0.00000 
DE10     0.00000    0.00000    0.00000    0.00000    0.00000    0.00000    0.00000    0.00000    0.00000    0.00000    0.00000    0.00000    0.00000    0.00000    0.00000    0.00000    0.00000    0.00000    0.00000    0.00000    0.00000    0.00000    0.00000    0.00000    0.00000    0.00000    0.00000    0.00000    0.00000    0.00000    0.00000    0.00000    0.00000    0.00000    0.00000    0.00000    0.00000    0.00000    0.00000    0.00000    0.00000    0.00000    0.00000    0.00000    0.00000    0.00000    0.00000    0.00000    0.00000    0.00000    0.00000    0.00000    0.00000    0.00000    0.00000    0.00000    0.00000    0.00000    0.00000    0.00000    0.00000    0.00000    0.00000    0.00000    0.00000    0.00000    0.00000    0.00000    0.00000    0.00000    0.00000    0.00000    0.00000    0.00000    0.00000    0.00000    0.00000    0.00000    0.00000    0.00000    0.00000    0.00000    0.00000    0.00000 
DE11     0.00000    0.00000    0.00000    0.00000    0.00000    0.00000    0.00000    0.00000    0.00000    0.00000    0.00000    0.00000    0.00000    0.00000    0.00000    0.00000    0.00000    0.00000    0.00000    0.00000    0.00000    0.00000    0.00000    0.00000    0.00000    0.00000    0.00000    0.00000    0.00000    0.00000    0.00000    0.00000    0.00000    0.00000    0.00000    0.00000    0.00000    0.00000    0.00000    0.00000    0.00000    0.00000    0.00000    0.00000    0.00000    0.00000    0.00000    0.00000    0.00000    0.00000    0.00000    0.00000    0.00000    0.00000    0.00000    0.00000    0.00000    0.00000    0.00000    0.00000    0.00000    0.00000    0.00000    0.00000    0.00000    0.00000    0.00000    0.00000    0.00000    0.00000    0.00000    0.00000    0.00000    0.00000    0.00000    0.00000    0.00000    0.00000    0.00000    0.00000    0.00000    0.00000    0.00000    0.00000 
DE12     0.00000    0.00000    0.00000    0.00000    0.00000    0.00000    0.00000    0.00000    0.00000    0.00000    0.00000    0.00000    0.00000    0.00000    0.00000    0.00000    0.00000    0.00000    0.00000    0.00000    0.00000    0.00000    0.00000    0.00000    0.00000    0.00000    0.00000    0.00000    0.00000    0.00000    0.00000    0.00000    0.00000    0.00000    0.00000    0.00000    0.00000    0.00000    0.00000    0.00000    0.00000    0.00000    0.00000    0.00000    0.00000    0.00000    0.00000    0.00000    0.00000    0.00000    0.00000    0.00000    0.00000    0.00000    0.00000    0.00000    0.00000    0.00000    0.00000    0.00000    0.00000    0.00000    0.00000    0.00000    0.00000    0.00000    0.00000    0.00000    0.00000    0.00000    0.00000    0.00000    0.00000    0.00000    0.00000    0.00000    0.00000    0.00000    0.00000    0.00000    0.00000    0.00000    0.00000    0.00000 
DE13     0.00000    0.00000    0.00000    0.00000    0.00000    0.00000    0.00000    0.00000    0.00000    0.00000    0.00000    0.00000    0.00000    0.00000    0.00000    0.00000    0.00000    0.00000    0.00000    0.00000    0.00000    0.00000    0.00000    0.00000    0.00000    0.00000    0.00000    0.00000    0.00000    0.00000    0.00000    0.00000    0.00000    0.00000    0.00000    0.00000    0.00000    0.00000    0.00000    0.00000    0.00000    0.00000    0.00000    0.00000    0.00000    0.00000    0.00000    0.00000    0.00000    0.00000    0.00000    0.00000    0.00000    0.00000    0.00000    0.00000    0.00000    0.00000    0.00000    0.00000    0.00000    0.00000    0.00000    0.00000    0.00000    0.00000    0.00000    0.00000    0.00000    0.00000    0.00000    0.00000    0.00000    0.00000    0.00000    0.00000    0.00000    0.00000    0.00000    0.00000    0.00000    0.00000    0.00000    0.00000 
DE14     0.00000    0.00000    0.00000    0.00000    0.00000    0.00000    0.00000    0.00000    0.00000    0.00000    0.00000    0.00000    0.00000    0.00000    0.00000    0.00000    0.00000    0.00000    0.00000    0.00000    0.00000    0.00000    0.00000    0.00000    0.00000    0.00000    0.00000    0.00000    0.00000    0.00000    0.00000    0.00000    0.00000    0.00000    0.00000    0.00000    0.00000    0.00000    0.00000    0.00000    0.00000    0.00000    0.00000    0.00000    0.00000    0.00000    0.00000    0.00000    0.00000    0.00000    0.00000    0.00000    0.00000    0.00000    0.00000    0.00000    0.00000    0.00000    0.00000    0.00000    0.00000    0.00000    0.00000    0.00000    0.00000    0.00000    0.00000    0.00000    0.00000    0.00000    0.00000    0.00000    0.00000    0.00000    0.00000    0.00000    0.00000    0.00000    0.00000    0.00000    0.00000    0.00000    0.00000    0.00000 
DE15     0.00000    0.00000    0.00000    0.00000    0.00000    0.00000    0.00000    0.00000    0.00000    0.00000    0.00000    0.00000    0.00000    0.00000    0.00000    0.00000    0.00000    0.00000    0.00000    0.00000    0.00000    0.00000    0.00000    0.00000    0.00000    0.00000    0.00000    0.00000    0.00000    0.00000    0.00000    0.00000    0.00000    0.00000    0.00000    0.00000    0.00000    0.00000    0.00000    0.00000    0.00000    0.00000    0.00000    0.00000    0.00000    0.00000    0.00000    0.00000    0.00000    0.00000    0.00000    0.00000    0.00000    0.00000    0.00000    0.00000    0.00000    0.00000    0.00000    0.00000    0.00000    0.00000    0.00000    0.00000    0.00000    0.00000    0.00000    0.00000    0.00000    0.00000    0.00000    0.00000    0.00000    0.00000    0.00000    0.00000    0.00000    0.00000    0.00000    0.00000    0.00000    0.00000    0.00000    0.00000 
DE16     0.00000    0.00000    0.00000    0.00000    0.00000    0.00000    0.00000    0.00000    0.00000    0.00000    0.00000    0.00000    0.00000    0.00000    0.00000    0.00000    0.00000    0.00000    0.00000    0.00000    0.00000    0.00000    0.00000    0.00000    0.00000    0.00000    0.00000    0.00000    0.00000    0.00000    0.00000    0.00000    0.00000    0.00000    0.00000    0.00000    0.00000    0.00000    0.00000    0.00000    0.00000    0.00000    0.00000    0.00000    0.00000    0.00000    0.00000    0.00000    0.00000    0.00000    0.00000    0.00000    0.00000    0.00000    0.00000    0.00000    0.00000    0.00000    0.00000    0.00000    0.00000    0.00000    0.00000    0.00000    0.00000    0.00000    0.00000    0.00000    0.00000    0.00000    0.00000    0.00000    0.00000    0.00000    0.00000    0.00000    0.00000    0.00000    0.00000    0.00000    0.00000    0.00000    0.00000    0.00000 
DE17     0.00000    0.00000    0.00000    0.00000    0.00000    0.00000    0.00000    0.00000    0.00000    0.00000    0.00000    0.00000    0.00000    0.00000    0.00000    0.00000    0.00000    0.00000    0.00000    0.00000    0.00000    0.00000    0.00000    0.00000    0.00000    0.00000    0.00000    0.00000    0.00000    0.00000    0.00000    0.00000    0.00000    0.00000    0.00000    0.00000    0.00000    0.00000    0.00000    0.00000    0.00000    0.00000    0.00000    0.00000    0.00000    0.00000    0.00000    0.00000    0.00000    0.00000    0.00000    0.00000    0.00000    0.00000    0.00000    0.00000    0.00000    0.00000    0.00000    0.00000    0.00000    0.00000    0.00000    0.00000    0.00000    0.00000    0.00000    0.00000    0.00000    0.00000    0.00000    0.00000    0.00000    0.00000    0.00000    0.00000    0.00000    0.00000    0.00000    0.00000    0.00000    0.00000    0.00000    0.00000 
DE18     0.00000    0.00000    0.00000    0.00000    0.00000    0.00000    0.00000    0.00000    0.00000    0.00000    0.00000    0.00000    0.00000    0.00000    0.00000    0.00000    0.00000    0.00000    0.00000    0.00000    0.00000    0.00000    0.00000    0.00000    0.00000    0.00000    0.00000    0.00000    0.00000    0.00000    0.00000    0.00000    0.00000    0.00000    0.00000    0.00000    0.00000    0.00000    0.00000    0.00000    0.00000    0.00000    0.00000    0.00000    0.00000    0.00000    0.00000    0.00000    0.00000    0.00000    0.00000    0.00000    0.00000    0.00000    0.00000    0.00000    0.00000    0.00000    0.00000    0.00000    0.00000    0.00000    0.00000    0.00000    0.00000    0.00000    0.00000    0.00000    0.00000    0.00000    0.00000    0.00000    0.00000    0.00000    0.00000    0.00000    0.00000    0.00000    0.00000    0.00000    0.00000    0.00000    0.00000    0.00000 
DE19     0.00000    0.00000    0.00000    0.00000    0.00000    0.00000    0.00000    0.00000    0.00000    0.00000    0.00000    0.00000    0.00000    0.00000    0.00000    0.00000    0.00000    0.00000    0.00000    0.00000    0.00000    0.00000    0.00000    0.00000    0.00000    0.00000    0.00000    0.00000    0.00000    0.00000    0.00000    0.00000    0.00000    0.00000    0.00000    0.00000    0.00000    0.00000    0.00000    0.00000    0.00000    0.00000    0.00000    0.00000    0.00000    0.00000    0.00000    0.00000    0.00000    0.00000    0.00000    0.00000    0.00000    0.00000    0.00000    0.00000    0.00000    0.00000    0.00000    0.00000    0.00000    0.00000    0.00000    0.00000    0.00000    0.00000    0.00000    0.00000    0.00000    0.00000    0.00000    0.00000    0.00000    0.00000    0.00000    0.00000    0.00000    0.00000    0.00000    0.00000    0.00000    0.00000    0.00000    0.00000 
DE20     0.00000    0.00000    0.00000    0.00000    0.00000    0.00000    0.00000    0.00000    0.00000    0.00000    0.00000    0.00000    0.00000    0.00000    0.00000    0.00000    0.00000    0.00000    0.00000    0.00000    0.00000    0.00000    0.00000    0.00000    0.00000    0.00000    0.00000    0.00000    0.00000    0.00000    0.00000    0.00000    0.00000    0.00000    0.00000    0.00000    0.00000    0.00000    0.00000    0.00000    0.00000    0.00000    0.00000    0.00000    0.00000    0.00000    0.00000    0.00000    0.00000    0.00000    0.00000    0.00000    0.00000    0.00000    0.00000    0.00000    0.00000    0.00000    0.00000    0.00000    0.00000    0.00000    0.00000    0.00000    0.00000    0.00000    0.00000    0.00000    0.00000    0.00000    0.00000    0.00000    0.00000    0.00000    0.00000    0.00000    0.00000    0.00000    0.00000    0.00000    0.00000    0.00000    0.00000    0.00000 
DE21     0.00000    0.00000    0.00000    0.00000    0.00000    0.00000    0.00000    0.00000    0.00000    0.00000    0.00000    0.00000    0.00000    0.00000    0.00000    0.00000    0.00000    0.00000    0.00000    0.00000    0.00000    0.00000    0.00000    0.00000    0.00000    0.00000    0.00000    0.00000    0.00000    0.00000    0.00000    0.00000    0.00000    0.00000    0.00000    0.00000    0.00000    0.00000    0.00000    0.00000    0.00000    0.00000    0.00000    0.00000    0.00000    0.00000    0.00000    0.00000    0.00000    0.00000    0.00000    0.00000    0.00000    0.00000    0.00000    0.00000    0.00000    0.00000    0.00000    0.00000    0.00000    0.00000    0.00000    0.00000    0.00000    0.00000    0.00000    0.00000    0.00000    0.00000    0.00000    0.00000    0.00000    0.00000    0.00000    0.00000    0.00000    0.00000    0.00000    0.00000    0.00000    0.00000    0.00000    0.00000 
DE22     0.00000    0.00000    0.00000    0.00000    0.00000    0.00000    0.00000    0.00000    0.00000    0.00000    0.00000    0.00000    0.00000    0.00000    0.00000    0.00000    0.00000    0.00000    0.00000    0.00000    0.00000    0.00000    0.00000    0.00000    0.00000    0.00000    0.00000    0.00000    0.00000    0.00000    0.00000    0.00000    0.00000    0.00000    0.00000    0.00000    0.00000    0.00000    0.00000    0.00000    0.00000    0.00000    0.00000    0.00000    0.00000    0.00000    0.00000    0.00000    0.00000    0.00000    0.00000    0.00000    0.00000    0.00000    0.00000    0.00000    0.00000    0.00000    0.00000    0.00000    0.00000    0.00000    0.00000    0.00000    0.00000    0.00000    0.00000    0.00000    0.00000    0.00000    0.00000    0.00000    0.00000    0.00000    0.00000    0.00000    0.00000    0.00000    0.00000    0.00000    0.00000    0.00000    0.00000    0.00000 
DE23     0.00000    0.00000    0.00000    0.00000    0.00000    0.00000    0.00000    0.00000    0.00000    0.00000    0.00000    0.00000    0.00000    0.00000    0.00000    0.00000    0.00000    0.00000    0.00000    0.00000    0.00000    0.00000    0.00000    0.00000    0.00000    0.00000    0.00000    0.00000    0.00000    0.00000    0.00000    0.00000    0.00000    0.00000    0.00000    0.00000    0.00000    0.00000    0.00000    0.00000    0.00000    0.00000    0.00000    0.00000    0.00000    0.00000    0.00000    0.00000    0.00000    0.00000    0.00000    0.00000    0.00000    0.00000    0.00000    0.00000    0.00000    0.00000    0.00000    0.00000    0.00000    0.00000    0.00000    0.00000    0.00000    0.00000    0.00000    0.00000    0.00000    0.00000    0.00000    0.00000    0.00000    0.00000    0.00000    0.00000    0.00000    0.00000    0.00000    0.00000    0.00000    0.00000    0.00000    0.00000 
DE24     0.00000    0.00000    0.00000    0.00000    0.00000    0.00000    0.00000    0.00000    0.00000    0.00000    0.00000    0.00000    0.00000    0.00000    0.00000    0.00000    0.00000    0.00000    0.00000    0.00000    0.00000    0.00000    0.00000    0.00000    0.00000    0.00000    0.00000    0.00000    0.00000    0.00000    0.00000    0.00000    0.00000    0.00000    0.00000    0.00000    0.00000    0.00000    0.00000    0.00000    0.00000    0.00000    0.00000    0.00000    0.00000    0.00000    0.00000    0.00000    0.00000    0.00000    0.00000    0.00000    0.00000    0.00000    0.00000    0.00000    0.00000    0.00000    0.00000    0.00000    0.00000    0.00000    0.00000    0.00000    0.00000    0.00000    0.00000    0.00000    0.00000    0.00000    0.00000    0.00000    0.00000    0.00000    0.00000    0.00000    0.00000    0.00000    0.00000    0.00000    0.00000    0.00000    0.00000    0.00000 
DE25     0.00000    0.00000    0.00000    0.00000    0.00000    0.00000    0.00000    0.00000    0.00000    0.00000    0.00000    0.00000    0.00000    0.00000    0.00000    0.00000    0.00000    0.00000    0.00000    0.00000    0.00000    0.00000    0.00000    0.00000    0.00000    0.00000    0.00000    0.00000    0.00000    0.00000    0.00000    0.00000    0.00000    0.00000    0.00000    0.00000    0.00000    0.00000    0.00000    0.00000    0.00000    0.00000    0.00000    0.00000    0.00000    0.00000    0.00000    0.00000    0.00000    0.00000    0.00000    0.00000    0.00000    0.00000    0.00000    0.00000    0.00000    0.00000    0.00000    0.00000    0.00000    0.00000    0.00000    0.00000    0.00000    0.00000    0.00000    0.00000    0.00000    0.00000    0.00000    0.00000    0.00000    0.00000    0.00000    0.00000    0.00000    0.00000    0.00000    0.00000    0.00000    0.00000    0.00000    0.00000 
DE26     0.00000    0.00000    0.00000    0.00000    0.00000    0.00000    0.00000    0.00000    0.00000    0.00000    0.00000    0.00000    0.00000    0.00000    0.00000    0.00000    0.00000    0.00000    0.00000    0.00000    0.00000    0.00000    0.00000    0.00000    0.00000    0.00000    0.00000    0.00000    0.00000    0.00000    0.00000    0.00000    0.00000    0.00000    0.00000    0.00000    0.00000    0.00000    0.00000    0.00000    0.00000    0.00000    0.00000    0.00000    0.00000    0.00000    0.00000    0.00000    0.00000    0.00000    0.00000    0.00000    0.00000    0.00000    0.00000    0.00000    0.00000    0.00000    0.00000    0.00000    0.00000    0.00000    0.00000    0.00000    0.00000    0.00000    0.00000    0.00000    0.00000    0.00000    0.00000    0.00000    0.00000    0.00000    0.00000    0.00000    0.00000    0.00000    0.00000    0.00000    0.00000    0.00000    0.00000    0.00000 
DE27     0.00000    0.00000    0.00000    0.00000    0.00000    0.00000    0.00000    0.00000    0.00000    0.00000    0.00000    0.00000    0.00000    0.00000    0.00000    0.00000    0.00000    0.00000    0.00000    0.00000    0.00000    0.00000    0.00000    0.00000    0.00000    0.00000    0.00000    0.00000    0.00000    0.00000    0.00000    0.00000    0.00000    0.00000    0.00000    0.00000    0.00000    0.00000    0.00000    0.00000    0.00000    0.00000    0.00000    0.00000    0.00000    0.00000    0.00000    0.00000    0.00000    0.00000    0.00000    0.00000    0.00000    0.00000    0.00000    0.00000    0.00000    0.00000    0.00000    0.00000    0.00000    0.00000    0.00000    0.00000    0.00000    0.00000    0.00000    0.00000    0.00000    0.00000    0.00000    0.00000    0.00000    0.00000    0.00000    0.00000    0.00000    0.00000    0.00000    0.00000    0.00000    0.00000    0.00000    0.00000 
DE28     0.00000    0.00000    0.00000    0.00000    0.00000    0.00000    0.00000    0.00000    0.00000    0.00000    0.00000    0.00000    0.00000    0.00000    0.00000    0.00000    0.00000    0.00000    0.00000    0.00000    0.00000    0.00000    0.00000    0.00000    0.00000    0.00000    0.00000    0.00000    0.00000    0.00000    0.00000    0.00000    0.00000    0.00000    0.00000    0.00000    0.00000    0.00000    0.00000    0.00000    0.00000    0.00000    0.00000    0.00000    0.00000    0.00000    0.00000    0.00000    0.00000    0.00000    0.00000    0.00000    0.00000    0.00000    0.00000    0.00000    0.00000    0.00000    0.00000    0.00000    0.00000    0.00000    0.00000    0.00000    0.00000    0.00000    0.00000    0.00000    0.00000    0.00000    0.00000    0.00000    0.00000    0.00000    0.00000    0.00000    0.00000    0.00000    0.00000    0.00000    0.00000    0.00000    0.00000    0.00000 
DE29     0.00000    0.00000    0.00000    0.00000    0.00000    0.00000    0.00000    0.00000    0.00000    0.00000    0.00000    0.00000    0.00000    0.00000    0.00000    0.00000    0.00000    0.00000    0.00000    0.00000    0.00000    0.00000    0.00000    0.00000    0.00000    0.00000    0.00000    0.00000    0.00000    0.00000    0.00000    0.00000    0.00000    0.00000    0.00000    0.00000    0.00000    0.00000    0.00000    0.00000    0.00000    0.00000    0.00000    0.00000    0.00000    0.00000    0.00000    0.00000    0.00000    0.00000    0.00000    0.00000    0.00000    0.00000    0.00000    0.00000    0.00000    0.00000    0.00000    0.00000    0.00000    0.00000    0.00000    0.00000    0.00000    0.00000    0.00000    0.00000    0.00000    0.00000    0.00000    0.00000    0.00000    0.00000    0.00000    0.00000    0.00000    0.00000    0.00000    0.00000    0.00000    0.00000    0.00000    0.00000 
DE30     0.00000    0.00000    0.00000    0.00000    0.00000    0.00000    0.00000    0.00000    0.00000    0.00000    0.00000    0.00000    0.00000    0.00000    0.00000    0.00000    0.00000    0.00000    0.00000    0.00000    0.00000    0.00000    0.00000    0.00000    0.00000    0.00000    0.00000    0.00000    0.00000    0.00000    0.00000    0.00000    0.00000    0.00000    0.00000    0.00000    0.00000    0.00000    0.00000    0.00000    0.00000    0.00000    0.00000    0.00000    0.00000    0.00000    0.00000    0.00000    0.00000    0.00000    0.00000    0.00000    0.00000    0.00000    0.00000    0.00000    0.00000    0.00000    0.00000    0.00000    0.00000    0.00000    0.00000    0.00000    0.00000    0.00000    0.00000    0.00000    0.00000    0.00000    0.00000    0.00000    0.00000    0.00000    0.00000    0.00000    0.00000    0.00000    0.00000    0.00000    0.00000    0.00000    0.00000    0.00000 
DE31     0.00000    0.00000    0.00000    0.00000    0.00000    0.00000    0.00000    0.00000    0.00000    0.00000    0.00000    0.00000    0.00000    0.00000    0.00000    0.00000    0.00000    0.00000    0.00000    0.00000    0.00000    0.00000    0.00000    0.00000    0.00000    0.00000    0.00000    0.00000    0.00000    0.00000    0.00000    0.00000    0.00000    0.00000    0.00000    0.00000    0.00000    0.00000    0.00000    0.00000    0.00000    0.00000    0.00000    0.00000    0.00000    0.00000    0.00000    0.00000    0.00000    0.00000    0.00000    0.00000    0.00000    0.00000    0.00000    0.00000    0.00000    0.00000    0.00000    0.00000    0.00000    0.00000    0.00000    0.00000    0.00000    0.00000    0.00000    0.00000    0.00000    0.00000    0.00000    0.00000    0.00000    0.00000    0.00000    0.00000    0.00000    0.00000    0.00000    0.00000    0.00000    0.00000    0.00000    0.00000 
DE32     0.00000    0.00000    0.00000    0.00000    0.00000    0.00000    0.00000    0.00000    0.00000    0.00000    0.00000    0.00000    0.00000    0.00000    0.00000    0.00000    0.00000    0.00000    0.00000    0.00000    0.00000    0.00000    0.00000    0.00000    0.00000    0.00000    0.00000    0.00000    0.00000    0.00000    0.00000    0.00000    0.00000    0.00000    0.00000    0.00000    0.00000    0.00000    0.00000    0.00000    0.00000    0.00000    0.00000    0.00000    0.00000    0.00000    0.00000    0.00000    0.00000    0.00000    0.00000    0.00000    0.00000    0.00000    0.00000    0.00000    0.00000    0.00000    0.00000    0.00000    0.00000    0.00000    0.00000    0.00000    0.00000    0.00000    0.00000    0.00000    0.00000    0.00000    0.00000    0.00000    0.00000    0.00000    0.00000    0.00000    0.00000    0.00000    0.00000    0.00000    0.00000    0.00000    0.00000    0.00000 
DE33     0.00000    0.00000    0.00000    0.00000    0.00000    0.00000    0.00000    0.00000    0.00000    0.00000    0.00000    0.00000    0.00000    0.00000    0.00000    0.00000    0.00000    0.00000    0.00000    0.00000    0.00000    0.00000    0.00000    0.00000    0.00000    0.00000    0.00000    0.00000    0.00000    0.00000    0.00000    0.00000    0.00000    0.00000    0.00000    0.00000    0.00000    0.00000    0.00000    0.00000    0.00000    0.00000    0.00000    0.00000    0.00000    0.00000    0.00000    0.00000    0.00000    0.00000    0.00000    0.00000    0.00000    0.00000    0.00000    0.00000    0.00000    0.00000    0.00000    0.00000    0.00000    0.00000    0.00000    0.00000    0.00000    0.00000    0.00000    0.00000    0.00000    0.00000    0.00000    0.00000    0.00000    0.00000    0.00000    0.00000    0.00000    0.00000    0.00000    0.00000    0.00000    0.00000    0.00000    0.00000 
DE34     0.00000    0.00000    0.00000    0.00000    0.00000    0.00000    0.00000    0.00000    0.00000    0.00000    0.00000    0.00000    0.00000    0.00000    0.00000    0.00000    0.00000    0.00000    0.00000    0.00000    0.00000    0.00000    0.00000    0.00000    0.00000    0.00000    0.00000    0.00000    0.00000    0.00000    0.00000    0.00000    0.00000    0.00000    0.00000    0.00000    0.00000    0.00000    0.00000    0.00000    0.00000    0.00000    0.00000    0.00000    0.00000    0.00000    0.00000    0.00000    0.00000    0.00000    0.00000    0.00000    0.00000    0.00000    0.00000    0.00000    0.00000    0.00000    0.00000    0.00000    0.00000    0.00000    0.00000    0.00000    0.00000    0.00000    0.00000    0.00000    0.00000    0.00000    0.00000    0.00000    0.00000    0.00000    0.00000    0.00000    0.00000    0.00000    0.00000    0.00000    0.00000    0.00000    0.00000    0.00000 
DE35     0.00000    0.00000    0.00000    0.00000    0.00000    0.00000    0.00000    0.00000    0.00000    0.00000    0.00000    0.00000    0.00000    0.00000    0.00000    0.00000    0.00000    0.00000    0.00000    0.00000    0.00000    0.00000    0.00000    0.00000    0.00000    0.00000    0.00000    0.00000    0.00000    0.00000    0.00000    0.00000    0.00000    0.00000    0.00000    0.00000    0.00000    0.00000    0.00000    0.00000    0.00000    0.00000    0.00000    0.00000    0.00000    0.00000    0.00000    0.00000    0.00000    0.00000    0.00000    0.00000    0.00000    0.00000    0.00000    0.00000    0.00000    0.00000    0.00000    0.00000    0.00000    0.00000    0.00000    0.00000    0.00000    0.00000    0.00000    0.00000    0.00000    0.00000    0.00000    0.00000    0.00000    0.00000    0.00000    0.00000    0.00000    0.00000    0.00000    0.00000    0.00000    0.00000    0.00000    0.00000 
DE36     0.00000    0.00000    0.00000    0.00000    0.00000    0.00000    0.00000    0.00000    0.00000    0.00000    0.00000    0.00000    0.00000    0.00000    0.00000    0.00000    0.00000    0.00000    0.00000    0.00000    0.00000    0.00000    0.00000    0.00000    0.00000    0.00000    0.00000    0.00000    0.00000    0.00000    0.00000    0.00000    0.00000    0.00000    0.00000    0.00000    0.00000    0.00000    0.00000    0.00000    0.00000    0.00000    0.00000    0.00000    0.00000    0.00000    0.00000    0.00000    0.00000    0.00000    0.00000    0.00000    0.00000    0.00000    0.00000    0.00000    0.00000    0.00000    0.00000    0.00000    0.00000    0.00000    0.00000    0.00000    0.00000    0.00000    0.00000    0.00000    0.00000    0.00000    0.00000    0.00000    0.00000    0.00000    0.00000    0.00000    0.00000    0.00000    0.00000    0.00000    0.00000    0.00000    0.00000    0.00000 
DE37     0.00000    0.00000    0.00000    0.00000    0.00000    0.00000    0.00000    0.00000    0.00000    0.00000    0.00000    0.00000    0.00000    0.00000    0.00000    0.00000    0.00000    0.00000    0.00000    0.00000    0.00000    0.00000    0.00000    0.00000    0.00000    0.00000    0.00000    0.00000    0.00000    0.00000    0.00000    0.00000    0.00000    0.00000    0.00000    0.00000    0.00000    0.00000    0.00000    0.00000    0.00000    0.00000    0.00000    0.00000    0.00000    0.00000    0.00000    0.00000    0.00000    0.00000    0.00000    0.00000    0.00000    0.00000    0.00000    0.00000    0.00000    0.00000    0.00000    0.00000    0.00000    0.00000    0.00000    0.00000    0.00000    0.00000    0.00000    0.00000    0.00000    0.00000    0.00000    0.00000    0.00000    0.00000    0.00000    0.00000    0.00000    0.00000    0.00000    0.00000    0.00000    0.00000    0.00000    0.00000 
DE38     0.00000    0.00000    0.00000    0.00000    0.00000    0.00000    0.00000    0.00000    0.00000    0.00000    0.00000    0.00000    0.00000    0.00000    0.00000    0.00000    0.00000    0.00000    0.00000    0.00000    0.00000    0.00000    0.00000    0.00000    0.00000    0.00000    0.00000    0.00000    0.00000    0.00000    0.00000    0.00000    0.00000    0.00000    0.00000    0.00000    0.00000    0.00000    0.00000    0.00000    0.00000    0.00000    0.00000    0.00000    0.00000    0.00000    0.00000    0.00000    0.00000    0.00000    0.00000    0.00000    0.00000    0.00000    0.00000    0.00000    0.00000    0.00000    0.00000    0.00000    0.00000    0.00000    0.00000    0.00000    0.00000    0.00000    0.00000    0.00000    0.00000    0.00000    0.00000    0.00000    0.00000    0.00000    0.00000    0.00000    0.00000    0.00000    0.00000    0.00000    0.00000    0.00000    0.00000    0.00000 
DE39     0.00000    0.00000    0.00000    0.00000    0.00000    0.00000    0.00000    0.00000    0.00000    0.00000    0.00000    0.00000    0.00000    0.00000    0.00000    0.00000    0.00000    0.00000    0.00000    0.00000    0.00000    0.00000    0.00000    0.00000    0.00000    0.00000    0.00000    0.00000    0.00000    0.00000    0.00000    0.00000    0.00000    0.00000    0.00000    0.00000    0.00000    0.00000    0.00000    0.00000    0.00000    0.00000    0.00000    0.00000    0.00000    0.00000    0.00000    0.00000    0.00000    0.00000    0.00000    0.00000    0.00000    0.00000    0.00000    0.00000    0.00000    0.00000    0.00000    0.00000    0.00000    0.00000    0.00000    0.00000    0.00000    0.00000    0.00000    0.00000    0.00000    0.00000    0.00000    0.00000    0.00000    0.00000    0.00000    0.00000    0.00000    0.00000    0.00000    0.00000    0.00000    0.00000    0.00000    0.00000 
DE40     0.00000    0.00000    0.00000    0.00000    0.00000    0.00000    0.00000    0.00000    0.00000    0.00000    0.00000    0.00000    0.00000    0.00000    0.00000    0.00000    0.00000    0.00000    0.00000    0.00000    0.00000    0.00000    0.00000    0.00000    0.00000    0.00000    0.00000    0.00000    0.00000    0.00000    0.00000    0.00000    0.00000    0.00000    0.00000    0.00000    0.00000    0.00000    0.00000    0.00000    0.00000    0.00000    0.00000    0.00000    0.00000    0.00000    0.00000    0.00000    0.00000    0.00000    0.00000    0.00000    0.00000    0.00000    0.00000    0.00000    0.00000    0.00000    0.00000    0.00000    0.00000    0.00000    0.00000    0.00000    0.00000    0.00000    0.00000    0.00000    0.00000    0.00000    0.00000    0.00000    0.00000    0.00000    0.00000    0.00000    0.00000    0.00000    0.00000    0.00000    0.00000    0.00000    0.00000    0.00000 
DE41     0.00000    0.00000    0.00000    0.00000    0.00000    0.00000    0.00000    0.00000    0.00000    0.00000    0.00000    0.00000    0.00000    0.00000    0.00000    0.00000    0.00000    0.00000    0.00000    0.00000    0.00000    0.00000    0.00000    0.00000    0.00000    0.00000    0.00000    0.00000    0.00000    0.00000    0.00000    0.00000    0.00000    0.00000    0.00000    0.00000    0.00000    0.00000    0.00000    0.00000    0.00000    0.00000    0.00000    0.00000    0.00000    0.00000    0.00000    0.00000    0.00000    0.00000    0.00000    0.00000    0.00000    0.00000    0.00000    0.00000    0.00000    0.00000    0.00000    0.00000    0.00000    0.00000    0.00000    0.00000    0.00000    0.00000    0.00000    0.00000    0.00000    0.00000    0.00000    0.00000    0.00000    0.00000    0.00000    0.00000    0.00000    0.00000    0.00000    0.00000    0.00000    0.00000    0.00000    0.00000 
DE42     0.00000    0.00000    0.00000    0.00000    0.00000    0.00000    0.00000    0.00000    0.00000    0.00000    0.00000    0.00000    0.00000    0.00000    0.00000    0.00000    0.00000    0.00000    0.00000    0.00000    0.00000    0.00000    0.00000    0.00000    0.00000    0.00000    0.00000    0.00000    0.00000    0.00000    0.00000    0.00000    0.00000    0.00000    0.00000    0.00000    0.00000    0.00000    0.00000    0.00000    0.00000    0.00000    0.00000    0.00000    0.00000    0.00000    0.00000    0.00000    0.00000    0.00000    0.00000    0.00000    0.00000    0.00000    0.00000    0.00000    0.00000    0.00000    0.00000    0.00000    0.00000    0.00000    0.00000    0.00000    0.00000    0.00000    0.00000    0.00000    0.00000    0.00000    0.00000    0.00000    0.00000    0.00000    0.00000    0.00000    0.00000    0.00000    0.00000    0.00000    0.00000    0.00000    0.00000    0.00000 
DE43     0.00000    0.00000    0.00000    0.00000    0.00000    0.00000    0.00000    0.00000    0.00000    0.00000    0.00000    0.00000    0.00000    0.00000    0.00000    0.00000    0.00000    0.00000    0.00000    0.00000    0.00000    0.00000    0.00000    0.00000    0.00000    0.00000    0.00000    0.00000    0.00000    0.00000    0.00000    0.00000    0.00000    0.00000    0.00000    0.00000    0.00000    0.00000    0.00000    0.00000    0.00000    0.00000    0.00000    0.00000    0.00000    0.00000    0.00000    0.00000    0.00000    0.00000    0.00000    0.00000    0.00000    0.00000    0.00000    0.00000    0.00000    0.00000    0.00000    0.00000    0.00000    0.00000    0.00000    0.00000    0.00000    0.00000    0.00000    0.00000    0.00000    0.00000    0.00000    0.00000    0.00000    0.00000    0.00000    0.00000    0.00000    0.00000    0.00000    0.00000    0.00000    0.00000    0.00000    0.00000 
DE44     0.00000    0.00000    0.00000    0.00000    0.00000    0.00000    0.00000    0.00000    0.00000    0.00000    0.00000    0.00000    0.00000    0.00000    0.00000    0.00000    0.00000    0.00000    0.00000    0.00000    0.00000    0.00000    0.00000    0.00000    0.00000    0.00000    0.00000    0.00000    0.00000    0.00000    0.00000    0.00000    0.00000    0.00000    0.00000    0.00000    0.00000    0.00000    0.00000    0.00000    0.00000    0.00000    0.00000    0.00000    0.00000    0.00000    0.00000    0.00000    0.00000    0.00000    0.00000    0.00000    0.00000    0.00000    0.00000    0.00000    0.00000    0.00000    0.00000    0.00000    0.00000    0.00000    0.00000    0.00000    0.00000    0.00000    0.00000    0.00000    0.00000    0.00000    0.00000    0.00000    0.00000    0.00000    0.00000    0.00000    0.00000    0.00000    0.00000    0.00000    0.00000    0.00000    0.00000    0.00000 
DE45     0.00000    0.00000    0.00000    0.00000    0.00000    0.00000    0.00000    0.00000    0.00000    0.00000    0.00000    0.00000    0.00000    0.00000    0.00000    0.00000    0.00000    0.00000    0.00000    0.00000    0.00000    0.00000    0.00000    0.00000    0.00000    0.00000    0.00000    0.00000    0.00000    0.00000    0.00000    0.00000    0.00000    0.00000    0.00000    0.00000    0.00000    0.00000    0.00000    0.00000    0.00000    0.00000    0.00000    0.00000    0.00000    0.00000    0.00000    0.00000    0.00000    0.00000    0.00000    0.00000    0.00000    0.00000    0.00000    0.00000    0.00000    0.00000    0.00000    0.00000    0.00000    0.00000    0.00000    0.00000    0.00000    0.00000    0.00000    0.00000    0.00000    0.00000    0.00000    0.00000    0.00000    0.00000    0.00000    0.00000    0.00000    0.00000    0.00000    0.00000    0.00000    0.00000    0.00000    0.00000 
DE46     0.00000    0.00000    0.00000    0.00000    0.00000    0.00000    0.00000    0.00000    0.00000    0.00000    0.00000    0.00000    0.00000    0.00000    0.00000    0.00000    0.00000    0.00000    0.00000    0.00000    0.00000    0.00000    0.00000    0.00000    0.00000    0.00000    0.00000    0.00000    0.00000    0.00000    0.00000    0.00000    0.00000    0.00000    0.00000    0.00000    0.00000    0.00000    0.00000    0.00000    0.00000    0.00000    0.00000    0.00000    0.00000    0.00000    0.00000    0.00000    0.00000    0.00000    0.00000    0.00000    0.00000    0.00000    0.00000    0.00000    0.00000    0.00000    0.00000    0.00000    0.00000    0.00000    0.00000    0.00000    0.00000    0.00000    0.00000    0.00000    0.00000    0.00000    0.00000    0.00000    0.00000    0.00000    0.00000    0.00000    0.00000    0.00000    0.00000    0.00000    0.00000    0.00000    0.00000    0.00000 
DE47     0.00000    0.00000    0.00000    0.00000    0.00000    0.00000    0.00000    0.00000    0.00000    0.00000    0.00000    0.00000    0.00000    0.00000    0.00000    0.00000    0.00000    0.00000    0.00000    0.00000    0.00000    0.00000    0.00000    0.00000    0.00000    0.00000    0.00000    0.00000    0.00000    0.00000    0.00000    0.00000    0.00000    0.00000    0.00000    0.00000    0.00000    0.00000    0.00000    0.00000    0.00000    0.00000    0.00000    0.00000    0.00000    0.00000    0.00000    0.00000    0.00000    0.00000    0.00000    0.00000    0.00000    0.00000    0.00000    0.00000    0.00000    0.00000    0.00000    0.00000    0.00000    0.00000    0.00000    0.00000    0.00000    0.00000    0.00000    0.00000    0.00000    0.00000    0.00000    0.00000    0.00000    0.00000    0.00000    0.00000    0.00000    0.00000    0.00000    0.00000    0.00000    0.00000    0.00000    0.00000 
DE48     0.00000    0.00000    0.00000    0.00000    0.00000    0.00000    0.00000    0.00000    0.00000    0.00000    0.00000    0.00000    0.00000    0.00000    0.00000    0.00000    0.00000    0.00000    0.00000    0.00000    0.00000    0.00000    0.00000    0.00000    0.00000    0.00000    0.00000    0.00000    0.00000    0.00000    0.00000    0.00000    0.00000    0.00000    0.00000    0.00000    0.00000    0.00000    0.00000    0.00000    0.00000    0.00000    0.00000    0.00000    0.00000    0.00000    0.00000    0.00000    0.00000    0.00000    0.00000    0.00000    0.00000    0.00000    0.00000    0.00000    0.00000    0.00000    0.00000    0.00000    0.00000    0.00000    0.00000    0.00000    0.00000    0.00000    0.00000    0.00000    0.00000    0.00000    0.00000    0.00000    0.00000    0.00000    0.00000    0.00000    0.00000    0.00000    0.00000    0.00000    0.00000    0.00000    0.00000    0.00000 
DE49     0.00000    0.00000    0.00000    0.00000    0.00000    0.00000    0.00000    0.00000    0.00000    0.00000    0.00000    0.00000    0.00000    0.00000    0.00000    0.00000    0.00000    0.00000    0.00000    0.00000    0.00000    0.00000    0.00000    0.00000    0.00000    0.00000    0.00000    0.00000    0.00000    0.00000    0.00000    0.00000    0.00000    0.00000    0.00000    0.00000    0.00000    0.00000    0.00000    0.00000    0.00000    0.00000    0.00000    0.00000    0.00000    0.00000    0.00000    0.00000    0.00000    0.00000    0.00000    0.00000    0.00000    0.00000    0.00000    0.00000    0.00000    0.00000    0.00000    0.00000    0.00000    0.00000    0.00000    0.00000    0.00000    0.00000    0.00000    0.00000    0.00000    0.00000    0.00000    0.00000    0.00000    0.00000    0.00000    0.00000    0.00000    0.00000    0.00000    0.00000    0.00000    0.00000    0.00000    0.00000 
DE50     0.00000    0.00000    0.00000    0.00000    0.00000    0.00000    0.00000    0.00000    0.00000    0.00000    0.00000    0.00000    0.00000    0.00000    0.00000    0.00000    0.00000    0.00000    0.00000    0.00000    0.00000    0.00000    0.00000    0.00000    0.00000    0.00000    0.00000    0.00000    0.00000    0.00000    0.00000    0.00000    0.00000    0.00000    0.00000    0.00000    0.00000    0.00000    0.00000    0.00000    0.00000    0.00000    0.00000    0.00000    0.00000    0.00000    0.00000    0.00000    0.00000    0.00000    0.00000    0.00000    0.00000    0.00000    0.00000    0.00000    0.00000    0.00000    0.00000    0.00000    0.00000    0.00000    0.00000    0.00000    0.00000    0.00000    0.00000    0.00000    0.00000    0.00000    0.00000    0.00000    0.00000    0.00000    0.00000    0.00000    0.00000    0.00000    0.00000    0.00000    0.00000    0.00000    0.00000    0.00000 
;

param lam_ub: RM01 RM02 RM03 RM04 RM05 RM06 RM07 RM08 RM09 RM10 RM11 RM12 RM13 RM14 RM15 RM16 RM17 RM18 RM19 RM20 RM21 RM22 RM23 RM24 RM25 RM26 RM27 RM28 RM29 RM30 RM31 RM32 RM33 RM34 RM35 RM36 RM37 RM38 RM39 RM40 RM41 RM42 RM43 RM44 RM45 RM46 RM47 RM48 RM49 RM50 RM51 RM52 RM53 RM54 RM55 RM56 RM57 RM58 RM59 RM60 RM61 RM62 RM63 RM64 RM65 RM66 RM67 RM68 RM69 RM70 MI01 MI02 MI03 MI04 MI05 MI06 MI07 MI08 MI09 MI10 MI11 MI12 MI13 MI14 :=
DE01     0.00000    0.00000    0.00000    0.00000    0.00000    0.00000    0.00000    0.00000    0.00000    0.00000    0.00000    0.00000    0.00000    0.00000    0.00000    0.00000    0.00000    0.00000    0.00000    0.00000    0.00000    0.00000    0.00000    0.00000    0.00000    0.00000    0.00000    0.00000    0.00000    0.00000    0.00000    0.00000    0.00000    0.00000    0.00000    1.00000    1.00000    1.00000    1.00000    1.00000    1.00000    1.00000    1.00000    1.00000    1.00000    1.00000    1.00000    1.00000    1.00000    1.00000    1.00000    1.00000    1.00000    1.00000    1.00000    1.00000    1.00000    1.00000    1.00000    1.00000    1.00000    1.00000    1.00000    1.00000    1.00000    1.00000    1.00000    1.00000    1.00000    1.00000    1.00000    1.00000    1.00000    1.00000    1.00000    1.00000    1.00000    1.00000    1.00000    1.00000    1.00000    1.00000    1.00000    1.00000 
DE02     0.00000    0.00000    0.00000    0.00000    0.00000    0.00000    0.00000    0.00000    0.00000    0.00000    0.00000    0.00000    0.00000    0.00000    0.00000    0.00000    0.00000    0.00000    0.00000    0.00000    0.00000    0.00000    0.00000    0.00000    0.00000    0.00000    0.00000    0.00000    0.00000    0.00000    0.00000    0.00000    0.00000    0.00000    0.00000    1.00000    1.00000    1.00000    1.00000    1.00000    1.00000    1.00000    1.00000    1.00000    1.00000    1.00000    1.00000    1.00000    1.00000    1.00000    1.00000    1.00000    1.00000    1.00000    1.00000    1.00000    1.00000    1.00000    1.00000    1.00000    1.00000    1.00000    1.00000    1.00000    1.00000    1.00000    1.00000    1.00000    1.00000    1.00000    1.00000    1.00000    1.00000    1.00000    1.00000    1.00000    1.00000    1.00000    1.00000    1.00000    1.00000    1.00000    1.00000    1.00000 
DE03     0.00000    0.00000    0.00000    0.00000    0.00000    0.00000    0.00000    0.00000    0.00000    0.00000    0.00000    0.00000    0.00000    0.00000    0.00000    0.00000    0.00000    0.00000    0.00000    0.00000    0.00000    0.00000    0.00000    0.00000    0.00000    0.00000    0.00000    0.00000    0.00000    0.00000    0.00000    0.00000    0.00000    0.00000    0.00000    1.00000    1.00000    1.00000    1.00000    1.00000    1.00000    1.00000    1.00000    1.00000    1.00000    1.00000    1.00000    1.00000    1.00000    1.00000    1.00000    1.00000    1.00000    1.00000    1.00000    1.00000    1.00000    1.00000    1.00000    1.00000    1.00000    1.00000    1.00000    1.00000    1.00000    1.00000    1.00000    1.00000    1.00000    1.00000    1.00000    1.00000    1.00000    1.00000    1.00000    1.00000    1.00000    1.00000    1.00000    1.00000    1.00000    1.00000    1.00000    1.00000 
DE04     0.00000    0.00000    0.00000    0.00000    0.00000    0.00000    0.00000    0.00000    0.00000    0.00000    0.00000    0.00000    0.00000    0.00000    0.00000    0.00000    0.00000    0.00000    0.00000    0.00000    0.00000    0.00000    0.00000    0.00000    0.00000    0.00000    0.00000    0.00000    0.00000    0.00000    0.00000    0.00000    0.00000    0.00000    0.00000    1.00000    1.00000    1.00000    1.00000    1.00000    1.00000    1.00000    1.00000    1.00000    1.00000    1.00000    1.00000    1.00000    1.00000    1.00000    1.00000    1.00000    1.00000    1.00000    1.00000    1.00000    1.00000    1.00000    1.00000    1.00000    1.00000    1.00000    1.00000    1.00000    1.00000    1.00000    1.00000    1.00000    1.00000    1.00000    1.00000    1.00000    1.00000    1.00000    1.00000    1.00000    1.00000    1.00000    1.00000    1.00000    1.00000    1.00000    1.00000    1.00000 
DE05     0.00000    0.00000    0.00000    0.00000    0.00000    0.00000    0.00000    0.00000    0.00000    0.00000    0.00000    0.00000    0.00000    0.00000    0.00000    0.00000    0.00000    0.00000    0.00000    0.00000    0.00000    0.00000    0.00000    0.00000    0.00000    0.00000    0.00000    0.00000    0.00000    0.00000    0.00000    0.00000    0.00000    0.00000    0.00000    1.00000    1.00000    1.00000    1.00000    1.00000    1.00000    1.00000    1.00000    1.00000    1.00000    1.00000    1.00000    1.00000    1.00000    1.00000    1.00000    1.00000    1.00000    1.00000    1.00000    1.00000    1.00000    1.00000    1.00000    1.00000    1.00000    1.00000    1.00000    1.00000    1.00000    1.00000    1.00000    1.00000    1.00000    1.00000    1.00000    1.00000    1.00000    1.00000    1.00000    1.00000    1.00000    1.00000    1.00000    1.00000    1.00000    1.00000    1.00000    1.00000 
DE06     0.00000    0.00000    0.00000    0.00000    0.00000    0.00000    0.00000    0.00000    0.00000    0.00000    0.00000    0.00000    0.00000    0.00000    0.00000    0.00000    0.00000    0.00000    0.00000    0.00000    0.00000    0.00000    0.00000    0.00000    0.00000    0.00000    0.00000    0.00000    0.00000    0.00000    0.00000    0.00000    0.00000    0.00000    0.00000    1.00000    1.00000    1.00000    1.00000    1.00000    1.00000    1.00000    1.00000    1.00000    1.00000    1.00000    1.00000    1.00000    1.00000    1.00000    1.00000    1.00000    1.00000    1.00000    1.00000    1.00000    1.00000    1.00000    1.00000    1.00000    1.00000    1.00000    1.00000    1.00000    1.00000    1.00000    1.00000    1.00000    1.00000    1.00000    1.00000    1.00000    1.00000    1.00000    1.00000    1.00000    1.00000    1.00000    1.00000    1.00000    1.00000    1.00000    1.00000    1.00000 
DE07     0.00000    0.00000    0.00000    0.00000    0.00000    0.00000    0.00000    0.00000    0.00000    0.00000    0.00000    0.00000    0.00000    0.00000    0.00000    0.00000    0.00000    0.00000    0.00000    0.00000    0.00000    0.00000    0.00000    0.00000    0.00000    0.00000    0.00000    0.00000    0.00000    0.00000    0.00000    0.00000    0.00000    0.00000    0.00000    1.00000    1.00000    1.00000    1.00000    1.00000    1.00000    1.00000    1.00000    1.00000    1.00000    1.00000    1.00000    1.00000    1.00000    1.00000    1.00000    1.00000    1.00000    1.00000    1.00000    1.00000    1.00000    1.00000    1.00000    1.00000    1.00000    1.00000    1.00000    1.00000    1.00000    1.00000    1.00000    1.00000    1.00000    1.00000    1.00000    1.00000    1.00000    1.00000    1.00000    1.00000    1.00000    1.00000    1.00000    1.00000    1.00000    1.00000    1.00000    1.00000 
DE08     0.00000    0.00000    0.00000    0.00000    0.00000    0.00000    0.00000    0.00000    0.00000    0.00000    0.00000    0.00000    0.00000    0.00000    0.00000    0.00000    0.00000    0.00000    0.00000    0.00000    0.00000    0.00000    0.00000    0.00000    0.00000    0.00000    0.00000    0.00000    0.00000    0.00000    0.00000    0.00000    0.00000    0.00000    0.00000    1.00000    1.00000    1.00000    1.00000    1.00000    1.00000    1.00000    1.00000    1.00000    1.00000    1.00000    1.00000    1.00000    1.00000    1.00000    1.00000    1.00000    1.00000    1.00000    1.00000    1.00000    1.00000    1.00000    1.00000    1.00000    1.00000    1.00000    1.00000    1.00000    1.00000    1.00000    1.00000    1.00000    1.00000    1.00000    1.00000    1.00000    1.00000    1.00000    1.00000    1.00000    1.00000    1.00000    1.00000    1.00000    1.00000    1.00000    1.00000    1.00000 
DE09     0.00000    0.00000    0.00000    0.00000    0.00000    0.00000    0.00000    0.00000    0.00000    0.00000    0.00000    0.00000    0.00000    0.00000    0.00000    0.00000    0.00000    0.00000    0.00000    0.00000    0.00000    0.00000    0.00000    0.00000    0.00000    0.00000    0.00000    0.00000    0.00000    0.00000    0.00000    0.00000    0.00000    0.00000    0.00000    1.00000    1.00000    1.00000    1.00000    1.00000    1.00000    1.00000    1.00000    1.00000    1.00000    1.00000    1.00000    1.00000    1.00000    1.00000    1.00000    1.00000    1.00000    1.00000    1.00000    1.00000    1.00000    1.00000    1.00000    1.00000    1.00000    1.00000    1.00000    1.00000    1.00000    1.00000    1.00000    1.00000    1.00000    1.00000    1.00000    1.00000    1.00000    1.00000    1.00000    1.00000    1.00000    1.00000    1.00000    1.00000    1.00000    1.00000    1.00000    1.00000 
DE10     0.00000    0.00000    0.00000    0.00000    0.00000    0.00000    0.00000    0.00000    0.00000    0.00000    0.00000    0.00000    0.00000    0.00000    0.00000    0.00000    0.00000    0.00000    0.00000    0.00000    0.00000    0.00000    0.00000    0.00000    0.00000    0.00000    0.00000    0.00000    0.00000    0.00000    0.00000    0.00000    0.00000    0.00000    0.00000    1.00000    1.00000    1.00000    1.00000    1.00000    1.00000    1.00000    1.00000    1.00000    1.00000    1.00000    1.00000    1.00000    1.00000    1.00000    1.00000    1.00000    1.00000    1.00000    1.00000    1.00000    1.00000    1.00000    1.00000    1.00000    1.00000    1.00000    1.00000    1.00000    1.00000    1.00000    1.00000    1.00000    1.00000    1.00000    1.00000    1.00000    1.00000    1.00000    1.00000    1.00000    1.00000    1.00000    1.00000    1.00000    1.00000    1.00000    1.00000    1.00000 
DE11     0.00000    0.00000    0.00000    0.00000    0.00000    0.00000    0.00000    0.00000    0.00000    0.00000    0.00000    0.00000    0.00000    0.00000    0.00000    0.00000    0.00000    0.00000    0.00000    0.00000    0.00000    0.00000    0.00000    0.00000    0.00000    0.00000    0.00000    0.00000    0.00000    0.00000    0.00000    0.00000    0.00000    0.00000    0.00000    1.00000    1.00000    1.00000    1.00000    1.00000    1.00000    1.00000    1.00000    1.00000    1.00000    1.00000    1.00000    1.00000    1.00000    1.00000    1.00000    1.00000    1.00000    1.00000    1.00000    1.00000    1.00000    1.00000    1.00000    1.00000    1.00000    1.00000    1.00000    1.00000    1.00000    1.00000    1.00000    1.00000    1.00000    1.00000    1.00000    1.00000    1.00000    1.00000    1.00000    1.00000    1.00000    1.00000    1.00000    1.00000    1.00000    1.00000    1.00000    1.00000 
DE12     0.00000    0.00000    0.00000    0.00000    0.00000    0.00000    0.00000    0.00000    0.00000    0.00000    0.00000    0.00000    0.00000    0.00000    0.00000    0.00000    0.00000    0.00000    0.00000    0.00000    0.00000    0.00000    0.00000    0.00000    0.00000    0.00000    0.00000    0.00000    0.00000    0.00000    0.00000    0.00000    0.00000    0.00000    0.00000    1.00000    1.00000    1.00000    1.00000    1.00000    1.00000    1.00000    1.00000    1.00000    1.00000    1.00000    1.00000    1.00000    1.00000    1.00000    1.00000    1.00000    1.00000    1.00000    1.00000    1.00000    1.00000    1.00000    1.00000    1.00000    1.00000    1.00000    1.00000    1.00000    1.00000    1.00000    1.00000    1.00000    1.00000    1.00000    1.00000    1.00000    1.00000    1.00000    1.00000    1.00000    1.00000    1.00000    1.00000    1.00000    1.00000    1.00000    1.00000    1.00000 
DE13     0.00000    0.00000    0.00000    0.00000    0.00000    0.00000    0.00000    0.00000    0.00000    0.00000    0.00000    0.00000    0.00000    0.00000    0.00000    0.00000    0.00000    0.00000    0.00000    0.00000    0.00000    0.00000    0.00000    0.00000    0.00000    0.00000    0.00000    0.00000    0.00000    0.00000    0.00000    0.00000    0.00000    0.00000    0.00000    1.00000    1.00000    1.00000    1.00000    1.00000    1.00000    1.00000    1.00000    1.00000    1.00000    1.00000    1.00000    1.00000    1.00000    1.00000    1.00000    1.00000    1.00000    1.00000    1.00000    1.00000    1.00000    1.00000    1.00000    1.00000    1.00000    1.00000    1.00000    1.00000    1.00000    1.00000    1.00000    1.00000    1.00000    1.00000    1.00000    1.00000    1.00000    1.00000    1.00000    1.00000    1.00000    1.00000    1.00000    1.00000    1.00000    1.00000    1.00000    1.00000 
DE14     0.00000    0.00000    0.00000    0.00000    0.00000    0.00000    0.00000    0.00000    0.00000    0.00000    0.00000    0.00000    0.00000    0.00000    0.00000    0.00000    0.00000    0.00000    0.00000    0.00000    0.00000    0.00000    0.00000    0.00000    0.00000    0.00000    0.00000    0.00000    0.00000    0.00000    0.00000    0.00000    0.00000    0.00000    0.00000    1.00000    1.00000    1.00000    1.00000    1.00000    1.00000    1.00000    1.00000    1.00000    1.00000    1.00000    1.00000    1.00000    1.00000    1.00000    1.00000    1.00000    1.00000    1.00000    1.00000    1.00000    1.00000    1.00000    1.00000    1.00000    1.00000    1.00000    1.00000    1.00000    1.00000    1.00000    1.00000    1.00000    1.00000    1.00000    1.00000    1.00000    1.00000    1.00000    1.00000    1.00000    1.00000    1.00000    1.00000    1.00000    1.00000    1.00000    1.00000    1.00000 
DE15     0.00000    0.00000    0.00000    0.00000    0.00000    0.00000    0.00000    0.00000    0.00000    0.00000    0.00000    0.00000    0.00000    0.00000    0.00000    0.00000    0.00000    0.00000    0.00000    0.00000    0.00000    0.00000    0.00000    0.00000    0.00000    0.00000    0.00000    0.00000    0.00000    0.00000    0.00000    0.00000    0.00000    0.00000    0.00000    1.00000    1.00000    1.00000    1.00000    1.00000    1.00000    1.00000    1.00000    1.00000    1.00000    1.00000    1.00000    1.00000    1.00000    1.00000    1.00000    1.00000    1.00000    1.00000    1.00000    1.00000    1.00000    1.00000    1.00000    1.00000    1.00000    1.00000    1.00000    1.00000    1.00000    1.00000    1.00000    1.00000    1.00000    1.00000    1.00000    1.00000    1.00000    1.00000    1.00000    1.00000    1.00000    1.00000    1.00000    1.00000    1.00000    1.00000    1.00000    1.00000 
DE16     0.00000    0.00000    0.00000    0.00000    0.00000    0.00000    0.00000    0.00000    0.00000    0.00000    0.00000    0.00000    0.00000    0.00000    0.00000    0.00000    0.00000    0.00000    0.00000    0.00000    0.00000    0.00000    0.00000    0.00000    0.00000    0.00000    0.00000    0.00000    0.00000    0.00000    0.00000    0.00000    0.00000    0.00000    0.00000    1.00000    1.00000    1.00000    1.00000    1.00000    1.00000    1.00000    1.00000    1.00000    1.00000    1.00000    1.00000    1.00000    1.00000    1.00000    1.00000    1.00000    1.00000    1.00000    1.00000    1.00000    1.00000    1.00000    1.00000    1.00000    1.00000    1.00000    1.00000    1.00000    1.00000    1.00000    1.00000    1.00000    1.00000    1.00000    1.00000    1.00000    1.00000    1.00000    1.00000    1.00000    1.00000    1.00000    1.00000    1.00000    1.00000    1.00000    1.00000    1.00000 
DE17     0.00000    0.00000    0.00000    0.00000    0.00000    0.00000    0.00000    0.00000    0.00000    0.00000    0.00000    0.00000    0.00000    0.00000    0.00000    0.00000    0.00000    0.00000    0.00000    0.00000    0.00000    0.00000    0.00000    0.00000    0.00000    0.00000    0.00000    0.00000    0.00000    0.00000    0.00000    0.00000    0.00000    0.00000    0.00000    1.00000    1.00000    1.00000    1.00000    1.00000    1.00000    1.00000    1.00000    1.00000    1.00000    1.00000    1.00000    1.00000    1.00000    1.00000    1.00000    1.00000    1.00000    1.00000    1.00000    1.00000    1.00000    1.00000    1.00000    1.00000    1.00000    1.00000    1.00000    1.00000    1.00000    1.00000    1.00000    1.00000    1.00000    1.00000    1.00000    1.00000    1.00000    1.00000    1.00000    1.00000    1.00000    1.00000    1.00000    1.00000    1.00000    1.00000    1.00000    1.00000 
DE18     0.00000    0.00000    0.00000    0.00000    0.00000    0.00000    0.00000    0.00000    0.00000    0.00000    0.00000    0.00000    0.00000    0.00000    0.00000    0.00000    0.00000    0.00000    0.00000    0.00000    0.00000    0.00000    0.00000    0.00000    0.00000    0.00000    0.00000    0.00000    0.00000    0.00000    0.00000    0.00000    0.00000    0.00000    0.00000    1.00000    1.00000    1.00000    1.00000    1.00000    1.00000    1.00000    1.00000    1.00000    1.00000    1.00000    1.00000    1.00000    1.00000    1.00000    1.00000    1.00000    1.00000    1.00000    1.00000    1.00000    1.00000    1.00000    1.00000    1.00000    1.00000    1.00000    1.00000    1.00000    1.00000    1.00000    1.00000    1.00000    1.00000    1.00000    1.00000    1.00000    1.00000    1.00000    1.00000    1.00000    1.00000    1.00000    1.00000    1.00000    1.00000    1.00000    1.00000    1.00000 
DE19     0.00000    0.00000    0.00000    0.00000    0.00000    0.00000    0.00000    0.00000    0.00000    0.00000    0.00000    0.00000    0.00000    0.00000    0.00000    0.00000    0.00000    0.00000    0.00000    0.00000    0.00000    0.00000    0.00000    0.00000    0.00000    0.00000    0.00000    0.00000    0.00000    0.00000    0.00000    0.00000    0.00000    0.00000    0.00000    1.00000    1.00000    1.00000    1.00000    1.00000    1.00000    1.00000    1.00000    1.00000    1.00000    1.00000    1.00000    1.00000    1.00000    1.00000    1.00000    1.00000    1.00000    1.00000    1.00000    1.00000    1.00000    1.00000    1.00000    1.00000    1.00000    1.00000    1.00000    1.00000    1.00000    1.00000    1.00000    1.00000    1.00000    1.00000    1.00000    1.00000    1.00000    1.00000    1.00000    1.00000    1.00000    1.00000    1.00000    1.00000    1.00000    1.00000    1.00000    1.00000 
DE20     0.00000    0.00000    0.00000    0.00000    0.00000    0.00000    0.00000    0.00000    0.00000    0.00000    0.00000    0.00000    0.00000    0.00000    0.00000    0.00000    0.00000    0.00000    0.00000    0.00000    0.00000    0.00000    0.00000    0.00000    0.00000    0.00000    0.00000    0.00000    0.00000    0.00000    0.00000    0.00000    0.00000    0.00000    0.00000    1.00000    1.00000    1.00000    1.00000    1.00000    1.00000    1.00000    1.00000    1.00000    1.00000    1.00000    1.00000    1.00000    1.00000    1.00000    1.00000    1.00000    1.00000    1.00000    1.00000    1.00000    1.00000    1.00000    1.00000    1.00000    1.00000    1.00000    1.00000    1.00000    1.00000    1.00000    1.00000    1.00000    1.00000    1.00000    1.00000    1.00000    1.00000    1.00000    1.00000    1.00000    1.00000    1.00000    1.00000    1.00000    1.00000    1.00000    1.00000    1.00000 
DE21     0.00000    0.00000    0.00000    0.00000    0.00000    0.00000    0.00000    0.00000    0.00000    0.00000    0.00000    0.00000    0.00000    0.00000    0.00000    0.00000    0.00000    0.00000    0.00000    0.00000    0.00000    0.00000    0.00000    0.00000    0.00000    0.00000    0.00000    0.00000    0.00000    0.00000    0.00000    0.00000    0.00000    0.00000    0.00000    1.00000    1.00000    1.00000    1.00000    1.00000    1.00000    1.00000    1.00000    1.00000    1.00000    1.00000    1.00000    1.00000    1.00000    1.00000    1.00000    1.00000    1.00000    1.00000    1.00000    1.00000    1.00000    1.00000    1.00000    1.00000    1.00000    1.00000    1.00000    1.00000    1.00000    1.00000    1.00000    1.00000    1.00000    1.00000    1.00000    1.00000    1.00000    1.00000    1.00000    1.00000    1.00000    1.00000    1.00000    1.00000    1.00000    1.00000    1.00000    1.00000 
DE22     0.00000    0.00000    0.00000    0.00000    0.00000    0.00000    0.00000    0.00000    0.00000    0.00000    0.00000    0.00000    0.00000    0.00000    0.00000    0.00000    0.00000    0.00000    0.00000    0.00000    0.00000    0.00000    0.00000    0.00000    0.00000    0.00000    0.00000    0.00000    0.00000    0.00000    0.00000    0.00000    0.00000    0.00000    0.00000    1.00000    1.00000    1.00000    1.00000    1.00000    1.00000    1.00000    1.00000    1.00000    1.00000    1.00000    1.00000    1.00000    1.00000    1.00000    1.00000    1.00000    1.00000    1.00000    1.00000    1.00000    1.00000    1.00000    1.00000    1.00000    1.00000    1.00000    1.00000    1.00000    1.00000    1.00000    1.00000    1.00000    1.00000    1.00000    1.00000    1.00000    1.00000    1.00000    1.00000    1.00000    1.00000    1.00000    1.00000    1.00000    1.00000    1.00000    1.00000    1.00000 
DE23     0.00000    0.00000    0.00000    0.00000    0.00000    0.00000    0.00000    0.00000    0.00000    0.00000    0.00000    0.00000    0.00000    0.00000    0.00000    0.00000    0.00000    0.00000    0.00000    0.00000    0.00000    0.00000    0.00000    0.00000    0.00000    0.00000    0.00000    0.00000    0.00000    0.00000    0.00000    0.00000    0.00000    0.00000    0.00000    1.00000    1.00000    1.00000    1.00000    1.00000    1.00000    1.00000    1.00000    1.00000    1.00000    1.00000    1.00000    1.00000    1.00000    1.00000    1.00000    1.00000    1.00000    1.00000    1.00000    1.00000    1.00000    1.00000    1.00000    1.00000    1.00000    1.00000    1.00000    1.00000    1.00000    1.00000    1.00000    1.00000    1.00000    1.00000    1.00000    1.00000    1.00000    1.00000    1.00000    1.00000    1.00000    1.00000    1.00000    1.00000    1.00000    1.00000    1.00000    1.00000 
DE24     0.00000    0.00000    0.00000    0.00000    0.00000    0.00000    0.00000    0.00000    0.00000    0.00000    0.00000    0.00000    0.00000    0.00000    0.00000    0.00000    0.00000    0.00000    0.00000    0.00000    0.00000    0.00000    0.00000    0.00000    0.00000    0.00000    0.00000    0.00000    0.00000    0.00000    0.00000    0.00000    0.00000    0.00000    0.00000    1.00000    1.00000    1.00000    1.00000    1.00000    1.00000    1.00000    1.00000    1.00000    1.00000    1.00000    1.00000    1.00000    1.00000    1.00000    1.00000    1.00000    1.00000    1.00000    1.00000    1.00000    1.00000    1.00000    1.00000    1.00000    1.00000    1.00000    1.00000    1.00000    1.00000    1.00000    1.00000    1.00000    1.00000    1.00000    1.00000    1.00000    1.00000    1.00000    1.00000    1.00000    1.00000    1.00000    1.00000    1.00000    1.00000    1.00000    1.00000    1.00000 
DE25     0.00000    0.00000    0.00000    0.00000    0.00000    0.00000    0.00000    0.00000    0.00000    0.00000    0.00000    0.00000    0.00000    0.00000    0.00000    0.00000    0.00000    0.00000    0.00000    0.00000    0.00000    0.00000    0.00000    0.00000    0.00000    0.00000    0.00000    0.00000    0.00000    0.00000    0.00000    0.00000    0.00000    0.00000    0.00000    1.00000    1.00000    1.00000    1.00000    1.00000    1.00000    1.00000    1.00000    1.00000    1.00000    1.00000    1.00000    1.00000    1.00000    1.00000    1.00000    1.00000    1.00000    1.00000    1.00000    1.00000    1.00000    1.00000    1.00000    1.00000    1.00000    1.00000    1.00000    1.00000    1.00000    1.00000    1.00000    1.00000    1.00000    1.00000    1.00000    1.00000    1.00000    1.00000    1.00000    1.00000    1.00000    1.00000    1.00000    1.00000    1.00000    1.00000    1.00000    1.00000 
DE26     0.00000    0.00000    0.00000    0.00000    0.00000    0.00000    0.00000    0.00000    0.00000    0.00000    0.00000    0.00000    0.00000    0.00000    0.00000    0.00000    0.00000    0.00000    0.00000    0.00000    0.00000    0.00000    0.00000    0.00000    0.00000    0.00000    0.00000    0.00000    0.00000    0.00000    0.00000    0.00000    0.00000    0.00000    0.00000    1.00000    1.00000    1.00000    1.00000    1.00000    1.00000    1.00000    1.00000    1.00000    1.00000    1.00000    1.00000    1.00000    1.00000    1.00000    1.00000    1.00000    1.00000    1.00000    1.00000    1.00000    1.00000    1.00000    1.00000    1.00000    1.00000    1.00000    1.00000    1.00000    1.00000    1.00000    1.00000    1.00000    1.00000    1.00000    1.00000    1.00000    1.00000    1.00000    1.00000    1.00000    1.00000    1.00000    1.00000    1.00000    1.00000    1.00000    1.00000    1.00000 
DE27     0.00000    0.00000    0.00000    0.00000    0.00000    0.00000    0.00000    0.00000    0.00000    0.00000    0.00000    0.00000    0.00000    0.00000    0.00000    0.00000    0.00000    0.00000    0.00000    0.00000    0.00000    0.00000    0.00000    0.00000    0.00000    0.00000    0.00000    0.00000    0.00000    0.00000    0.00000    0.00000    0.00000    0.00000    0.00000    1.00000    1.00000    1.00000    1.00000    1.00000    1.00000    1.00000    1.00000    1.00000    1.00000    1.00000    1.00000    1.00000    1.00000    1.00000    1.00000    1.00000    1.00000    1.00000    1.00000    1.00000    1.00000    1.00000    1.00000    1.00000    1.00000    1.00000    1.00000    1.00000    1.00000    1.00000    1.00000    1.00000    1.00000    1.00000    1.00000    1.00000    1.00000    1.00000    1.00000    1.00000    1.00000    1.00000    1.00000    1.00000    1.00000    1.00000    1.00000    1.00000 
DE28     0.00000    0.00000    0.00000    0.00000    0.00000    0.00000    0.00000    0.00000    0.00000    0.00000    0.00000    0.00000    0.00000    0.00000    0.00000    0.00000    0.00000    0.00000    0.00000    0.00000    0.00000    0.00000    0.00000    0.00000    0.00000    0.00000    0.00000    0.00000    0.00000    0.00000    0.00000    0.00000    0.00000    0.00000    0.00000    1.00000    1.00000    1.00000    1.00000    1.00000    1.00000    1.00000    1.00000    1.00000    1.00000    1.00000    1.00000    1.00000    1.00000    1.00000    1.00000    1.00000    1.00000    1.00000    1.00000    1.00000    1.00000    1.00000    1.00000    1.00000    1.00000    1.00000    1.00000    1.00000    1.00000    1.00000    1.00000    1.00000    1.00000    1.00000    1.00000    1.00000    1.00000    1.00000    1.00000    1.00000    1.00000    1.00000    1.00000    1.00000    1.00000    1.00000    1.00000    1.00000 
DE29     0.00000    0.00000    0.00000    0.00000    0.00000    0.00000    0.00000    0.00000    0.00000    0.00000    0.00000    0.00000    0.00000    0.00000    0.00000    0.00000    0.00000    0.00000    0.00000    0.00000    0.00000    0.00000    0.00000    0.00000    0.00000    0.00000    0.00000    0.00000    0.00000    0.00000    0.00000    0.00000    0.00000    0.00000    0.00000    1.00000    1.00000    1.00000    1.00000    1.00000    1.00000    1.00000    1.00000    1.00000    1.00000    1.00000    1.00000    1.00000    1.00000    1.00000    1.00000    1.00000    1.00000    1.00000    1.00000    1.00000    1.00000    1.00000    1.00000    1.00000    1.00000    1.00000    1.00000    1.00000    1.00000    1.00000    1.00000    1.00000    1.00000    1.00000    1.00000    1.00000    1.00000    1.00000    1.00000    1.00000    1.00000    1.00000    1.00000    1.00000    1.00000    1.00000    1.00000    1.00000 
DE30     0.00000    0.00000    0.00000    0.00000    0.00000    0.00000    0.00000    0.00000    0.00000    0.00000    0.00000    0.00000    0.00000    0.00000    0.00000    0.00000    0.00000    0.00000    0.00000    0.00000    0.00000    0.00000    0.00000    0.00000    0.00000    0.00000    0.00000    0.00000    0.00000    0.00000    0.00000    0.00000    0.00000    0.00000    0.00000    1.00000    1.00000    1.00000    1.00000    1.00000    1.00000    1.00000    1.00000    1.00000    1.00000    1.00000    1.00000    1.00000    1.00000    1.00000    1.00000    1.00000    1.00000    1.00000    1.00000    1.00000    1.00000    1.00000    1.00000    1.00000    1.00000    1.00000    1.00000    1.00000    1.00000    1.00000    1.00000    1.00000    1.00000    1.00000    1.00000    1.00000    1.00000    1.00000    1.00000    1.00000    1.00000    1.00000    1.00000    1.00000    1.00000    1.00000    1.00000    1.00000 
DE31     0.00000    0.00000    0.00000    0.00000    0.00000    0.00000    0.00000    0.00000    0.00000    0.00000    0.00000    0.00000    0.00000    0.00000    0.00000    0.00000    0.00000    0.00000    0.00000    0.00000    0.00000    0.00000    0.00000    0.00000    0.00000    0.00000    0.00000    0.00000    0.00000    0.00000    0.00000    0.00000    0.00000    0.00000    0.00000    1.00000    1.00000    1.00000    1.00000    1.00000    1.00000    1.00000    1.00000    1.00000    1.00000    1.00000    1.00000    1.00000    1.00000    1.00000    1.00000    1.00000    1.00000    1.00000    1.00000    1.00000    1.00000    1.00000    1.00000    1.00000    1.00000    1.00000    1.00000    1.00000    1.00000    1.00000    1.00000    1.00000    1.00000    1.00000    1.00000    1.00000    1.00000    1.00000    1.00000    1.00000    1.00000    1.00000    1.00000    1.00000    1.00000    1.00000    1.00000    1.00000 
DE32     0.00000    0.00000    0.00000    0.00000    0.00000    0.00000    0.00000    0.00000    0.00000    0.00000    0.00000    0.00000    0.00000    0.00000    0.00000    0.00000    0.00000    0.00000    0.00000    0.00000    0.00000    0.00000    0.00000    0.00000    0.00000    0.00000    0.00000    0.00000    0.00000    0.00000    0.00000    0.00000    0.00000    0.00000    0.00000    1.00000    1.00000    1.00000    1.00000    1.00000    1.00000    1.00000    1.00000    1.00000    1.00000    1.00000    1.00000    1.00000    1.00000    1.00000    1.00000    1.00000    1.00000    1.00000    1.00000    1.00000    1.00000    1.00000    1.00000    1.00000    1.00000    1.00000    1.00000    1.00000    1.00000    1.00000    1.00000    1.00000    1.00000    1.00000    1.00000    1.00000    1.00000    1.00000    1.00000    1.00000    1.00000    1.00000    1.00000    1.00000    1.00000    1.00000    1.00000    1.00000 
DE33     0.00000    0.00000    0.00000    0.00000    0.00000    0.00000    0.00000    0.00000    0.00000    0.00000    0.00000    0.00000    0.00000    0.00000    0.00000    0.00000    0.00000    0.00000    0.00000    0.00000    0.00000    0.00000    0.00000    0.00000    0.00000    0.00000    0.00000    0.00000    0.00000    0.00000    0.00000    0.00000    0.00000    0.00000    0.00000    1.00000    1.00000    1.00000    1.00000    1.00000    1.00000    1.00000    1.00000    1.00000    1.00000    1.00000    1.00000    1.00000    1.00000    1.00000    1.00000    1.00000    1.00000    1.00000    1.00000    1.00000    1.00000    1.00000    1.00000    1.00000    1.00000    1.00000    1.00000    1.00000    1.00000    1.00000    1.00000    1.00000    1.00000    1.00000    1.00000    1.00000    1.00000    1.00000    1.00000    1.00000    1.00000    1.00000    1.00000    1.00000    1.00000    1.00000    1.00000    1.00000 
DE34     0.00000    0.00000    0.00000    0.00000    0.00000    0.00000    0.00000    0.00000    0.00000    0.00000    0.00000    0.00000    0.00000    0.00000    0.00000    0.00000    0.00000    0.00000    0.00000    0.00000    0.00000    0.00000    0.00000    0.00000    0.00000    0.00000    0.00000    0.00000    0.00000    0.00000    0.00000    0.00000    0.00000    0.00000    0.00000    1.00000    1.00000    1.00000    1.00000    1.00000    1.00000    1.00000    1.00000    1.00000    1.00000    1.00000    1.00000    1.00000    1.00000    1.00000    1.00000    1.00000    1.00000    1.00000    1.00000    1.00000    1.00000    1.00000    1.00000    1.00000    1.00000    1.00000    1.00000    1.00000    1.00000    1.00000    1.00000    1.00000    1.00000    1.00000    1.00000    1.00000    1.00000    1.00000    1.00000    1.00000    1.00000    1.00000    1.00000    1.00000    1.00000    1.00000    1.00000    1.00000 
DE35     0.00000    0.00000    0.00000    0.00000    0.00000    0.00000    0.00000    0.00000    0.00000    0.00000    0.00000    0.00000    0.00000    0.00000    0.00000    0.00000    0.00000    0.00000    0.00000    0.00000    0.00000    0.00000    0.00000    0.00000    0.00000    0.00000    0.00000    0.00000    0.00000    0.00000    0.00000    0.00000    0.00000    0.00000    0.00000    1.00000    1.00000    1.00000    1.00000    1.00000    1.00000    1.00000    1.00000    1.00000    1.00000    1.00000    1.00000    1.00000    1.00000    1.00000    1.00000    1.00000    1.00000    1.00000    1.00000    1.00000    1.00000    1.00000    1.00000    1.00000    1.00000    1.00000    1.00000    1.00000    1.00000    1.00000    1.00000    1.00000    1.00000    1.00000    1.00000    1.00000    1.00000    1.00000    1.00000    1.00000    1.00000    1.00000    1.00000    1.00000    1.00000    1.00000    1.00000    1.00000 
DE36     0.00000    0.00000    0.00000    0.00000    0.00000    0.00000    0.00000    0.00000    0.00000    0.00000    0.00000    0.00000    0.00000    0.00000    0.00000    0.00000    0.00000    0.00000    0.00000    0.00000    0.00000    0.00000    0.00000    0.00000    0.00000    0.00000    0.00000    0.00000    0.00000    0.00000    0.00000    0.00000    0.00000    0.00000    0.00000    1.00000    1.00000    1.00000    1.00000    1.00000    1.00000    1.00000    1.00000    1.00000    1.00000    1.00000    1.00000    1.00000    1.00000    1.00000    1.00000    1.00000    1.00000    1.00000    1.00000    1.00000    1.00000    1.00000    1.00000    1.00000    1.00000    1.00000    1.00000    1.00000    1.00000    1.00000    1.00000    1.00000    1.00000    1.00000    1.00000    1.00000    1.00000    1.00000    1.00000    1.00000    1.00000    1.00000    1.00000    1.00000    1.00000    1.00000    1.00000    1.00000 
DE37     0.00000    0.00000    0.00000    0.00000    0.00000    0.00000    0.00000    0.00000    0.00000    0.00000    0.00000    0.00000    0.00000    0.00000    0.00000    0.00000    0.00000    0.00000    0.00000    0.00000    0.00000    0.00000    0.00000    0.00000    0.00000    0.00000    0.00000    0.00000    0.00000    0.00000    0.00000    0.00000    0.00000    0.00000    0.00000    1.00000    1.00000    1.00000    1.00000    1.00000    1.00000    1.00000    1.00000    1.00000    1.00000    1.00000    1.00000    1.00000    1.00000    1.00000    1.00000    1.00000    1.00000    1.00000    1.00000    1.00000    1.00000    1.00000    1.00000    1.00000    1.00000    1.00000    1.00000    1.00000    1.00000    1.00000    1.00000    1.00000    1.00000    1.00000    1.00000    1.00000    1.00000    1.00000    1.00000    1.00000    1.00000    1.00000    1.00000    1.00000    1.00000    1.00000    1.00000    1.00000 
DE38     0.00000    0.00000    0.00000    0.00000    0.00000    0.00000    0.00000    0.00000    0.00000    0.00000    0.00000    0.00000    0.00000    0.00000    0.00000    0.00000    0.00000    0.00000    0.00000    0.00000    0.00000    0.00000    0.00000    0.00000    0.00000    0.00000    0.00000    0.00000    0.00000    0.00000    0.00000    0.00000    0.00000    0.00000    0.00000    1.00000    1.00000    1.00000    1.00000    1.00000    1.00000    1.00000    1.00000    1.00000    1.00000    1.00000    1.00000    1.00000    1.00000    1.00000    1.00000    1.00000    1.00000    1.00000    1.00000    1.00000    1.00000    1.00000    1.00000    1.00000    1.00000    1.00000    1.00000    1.00000    1.00000    1.00000    1.00000    1.00000    1.00000    1.00000    1.00000    1.00000    1.00000    1.00000    1.00000    1.00000    1.00000    1.00000    1.00000    1.00000    1.00000    1.00000    1.00000    1.00000 
DE39     0.00000    0.00000    0.00000    0.00000    0.00000    0.00000    0.00000    0.00000    0.00000    0.00000    0.00000    0.00000    0.00000    0.00000    0.00000    0.00000    0.00000    0.00000    0.00000    0.00000    0.00000    0.00000    0.00000    0.00000    0.00000    0.00000    0.00000    0.00000    0.00000    0.00000    0.00000    0.00000    0.00000    0.00000    0.00000    1.00000    1.00000    1.00000    1.00000    1.00000    1.00000    1.00000    1.00000    1.00000    1.00000    1.00000    1.00000    1.00000    1.00000    1.00000    1.00000    1.00000    1.00000    1.00000    1.00000    1.00000    1.00000    1.00000    1.00000    1.00000    1.00000    1.00000    1.00000    1.00000    1.00000    1.00000    1.00000    1.00000    1.00000    1.00000    1.00000    1.00000    1.00000    1.00000    1.00000    1.00000    1.00000    1.00000    1.00000    1.00000    1.00000    1.00000    1.00000    1.00000 
DE40     0.00000    0.00000    0.00000    0.00000    0.00000    0.00000    0.00000    0.00000    0.00000    0.00000    0.00000    0.00000    0.00000    0.00000    0.00000    0.00000    0.00000    0.00000    0.00000    0.00000    0.00000    0.00000    0.00000    0.00000    0.00000    0.00000    0.00000    0.00000    0.00000    0.00000    0.00000    0.00000    0.00000    0.00000    0.00000    1.00000    1.00000    1.00000    1.00000    1.00000    1.00000    1.00000    1.00000    1.00000    1.00000    1.00000    1.00000    1.00000    1.00000    1.00000    1.00000    1.00000    1.00000    1.00000    1.00000    1.00000    1.00000    1.00000    1.00000    1.00000    1.00000    1.00000    1.00000    1.00000    1.00000    1.00000    1.00000    1.00000    1.00000    1.00000    1.00000    1.00000    1.00000    1.00000    1.00000    1.00000    1.00000    1.00000    1.00000    1.00000    1.00000    1.00000    1.00000    1.00000 
DE41     0.00000    0.00000    0.00000    0.00000    0.00000    0.00000    0.00000    0.00000    0.00000    0.00000    0.00000    0.00000    0.00000    0.00000    0.00000    0.00000    0.00000    0.00000    0.00000    0.00000    0.00000    0.00000    0.00000    0.00000    0.00000    0.00000    0.00000    0.00000    0.00000    0.00000    0.00000    0.00000    0.00000    0.00000    0.00000    1.00000    1.00000    1.00000    1.00000    1.00000    1.00000    1.00000    1.00000    1.00000    1.00000    1.00000    1.00000    1.00000    1.00000    1.00000    1.00000    1.00000    1.00000    1.00000    1.00000    1.00000    1.00000    1.00000    1.00000    1.00000    1.00000    1.00000    1.00000    1.00000    1.00000    1.00000    1.00000    1.00000    1.00000    1.00000    1.00000    1.00000    1.00000    1.00000    1.00000    1.00000    1.00000    1.00000    1.00000    1.00000    1.00000    1.00000    1.00000    1.00000 
DE42     0.00000    0.00000    0.00000    0.00000    0.00000    0.00000    0.00000    0.00000    0.00000    0.00000    0.00000    0.00000    0.00000    0.00000    0.00000    0.00000    0.00000    0.00000    0.00000    0.00000    0.00000    0.00000    0.00000    0.00000    0.00000    0.00000    0.00000    0.00000    0.00000    0.00000    0.00000    0.00000    0.00000    0.00000    0.00000    1.00000    1.00000    1.00000    1.00000    1.00000    1.00000    1.00000    1.00000    1.00000    1.00000    1.00000    1.00000    1.00000    1.00000    1.00000    1.00000    1.00000    1.00000    1.00000    1.00000    1.00000    1.00000    1.00000    1.00000    1.00000    1.00000    1.00000    1.00000    1.00000    1.00000    1.00000    1.00000    1.00000    1.00000    1.00000    1.00000    1.00000    1.00000    1.00000    1.00000    1.00000    1.00000    1.00000    1.00000    1.00000    1.00000    1.00000    1.00000    1.00000 
DE43     0.00000    0.00000    0.00000    0.00000    0.00000    0.00000    0.00000    0.00000    0.00000    0.00000    0.00000    0.00000    0.00000    0.00000    0.00000    0.00000    0.00000    0.00000    0.00000    0.00000    0.00000    0.00000    0.00000    0.00000    0.00000    0.00000    0.00000    0.00000    0.00000    0.00000    0.00000    0.00000    0.00000    0.00000    0.00000    1.00000    1.00000    1.00000    1.00000    1.00000    1.00000    1.00000    1.00000    1.00000    1.00000    1.00000    1.00000    1.00000    1.00000    1.00000    1.00000    1.00000    1.00000    1.00000    1.00000    1.00000    1.00000    1.00000    1.00000    1.00000    1.00000    1.00000    1.00000    1.00000    1.00000    1.00000    1.00000    1.00000    1.00000    1.00000    1.00000    1.00000    1.00000    1.00000    1.00000    1.00000    1.00000    1.00000    1.00000    1.00000    1.00000    1.00000    1.00000    1.00000 
DE44     0.00000    0.00000    0.00000    0.00000    0.00000    0.00000    0.00000    0.00000    0.00000    0.00000    0.00000    0.00000    0.00000    0.00000    0.00000    0.00000    0.00000    0.00000    0.00000    0.00000    0.00000    0.00000    0.00000    0.00000    0.00000    0.00000    0.00000    0.00000    0.00000    0.00000    0.00000    0.00000    0.00000    0.00000    0.00000    1.00000    1.00000    1.00000    1.00000    1.00000    1.00000    1.00000    1.00000    1.00000    1.00000    1.00000    1.00000    1.00000    1.00000    1.00000    1.00000    1.00000    1.00000    1.00000    1.00000    1.00000    1.00000    1.00000    1.00000    1.00000    1.00000    1.00000    1.00000    1.00000    1.00000    1.00000    1.00000    1.00000    1.00000    1.00000    1.00000    1.00000    1.00000    1.00000    1.00000    1.00000    1.00000    1.00000    1.00000    1.00000    1.00000    1.00000    1.00000    1.00000 
DE45     0.00000    0.00000    0.00000    0.00000    0.00000    0.00000    0.00000    0.00000    0.00000    0.00000    0.00000    0.00000    0.00000    0.00000    0.00000    0.00000    0.00000    0.00000    0.00000    0.00000    0.00000    0.00000    0.00000    0.00000    0.00000    0.00000    0.00000    0.00000    0.00000    0.00000    0.00000    0.00000    0.00000    0.00000    0.00000    1.00000    1.00000    1.00000    1.00000    1.00000    1.00000    1.00000    1.00000    1.00000    1.00000    1.00000    1.00000    1.00000    1.00000    1.00000    1.00000    1.00000    1.00000    1.00000    1.00000    1.00000    1.00000    1.00000    1.00000    1.00000    1.00000    1.00000    1.00000    1.00000    1.00000    1.00000    1.00000    1.00000    1.00000    1.00000    1.00000    1.00000    1.00000    1.00000    1.00000    1.00000    1.00000    1.00000    1.00000    1.00000    1.00000    1.00000    1.00000    1.00000 
DE46     0.00000    0.00000    0.00000    0.00000    0.00000    0.00000    0.00000    0.00000    0.00000    0.00000    0.00000    0.00000    0.00000    0.00000    0.00000    0.00000    0.00000    0.00000    0.00000    0.00000    0.00000    0.00000    0.00000    0.00000    0.00000    0.00000    0.00000    0.00000    0.00000    0.00000    0.00000    0.00000    0.00000    0.00000    0.00000    1.00000    1.00000    1.00000    1.00000    1.00000    1.00000    1.00000    1.00000    1.00000    1.00000    1.00000    1.00000    1.00000    1.00000    1.00000    1.00000    1.00000    1.00000    1.00000    1.00000    1.00000    1.00000    1.00000    1.00000    1.00000    1.00000    1.00000    1.00000    1.00000    1.00000    1.00000    1.00000    1.00000    1.00000    1.00000    1.00000    1.00000    1.00000    1.00000    1.00000    1.00000    1.00000    1.00000    1.00000    1.00000    1.00000    1.00000    1.00000    1.00000 
DE47     0.00000    0.00000    0.00000    0.00000    0.00000    0.00000    0.00000    0.00000    0.00000    0.00000    0.00000    0.00000    0.00000    0.00000    0.00000    0.00000    0.00000    0.00000    0.00000    0.00000    0.00000    0.00000    0.00000    0.00000    0.00000    0.00000    0.00000    0.00000    0.00000    0.00000    0.00000    0.00000    0.00000    0.00000    0.00000    1.00000    1.00000    1.00000    1.00000    1.00000    1.00000    1.00000    1.00000    1.00000    1.00000    1.00000    1.00000    1.00000    1.00000    1.00000    1.00000    1.00000    1.00000    1.00000    1.00000    1.00000    1.00000    1.00000    1.00000    1.00000    1.00000    1.00000    1.00000    1.00000    1.00000    1.00000    1.00000    1.00000    1.00000    1.00000    1.00000    1.00000    1.00000    1.00000    1.00000    1.00000    1.00000    1.00000    1.00000    1.00000    1.00000    1.00000    1.00000    1.00000 
DE48     0.00000    0.00000    0.00000    0.00000    0.00000    0.00000    0.00000    0.00000    0.00000    0.00000    0.00000    0.00000    0.00000    0.00000    0.00000    0.00000    0.00000    0.00000    0.00000    0.00000    0.00000    0.00000    0.00000    0.00000    0.00000    0.00000    0.00000    0.00000    0.00000    0.00000    0.00000    0.00000    0.00000    0.00000    0.00000    1.00000    1.00000    1.00000    1.00000    1.00000    1.00000    1.00000    1.00000    1.00000    1.00000    1.00000    1.00000    1.00000    1.00000    1.00000    1.00000    1.00000    1.00000    1.00000    1.00000    1.00000    1.00000    1.00000    1.00000    1.00000    1.00000    1.00000    1.00000    1.00000    1.00000    1.00000    1.00000    1.00000    1.00000    1.00000    1.00000    1.00000    1.00000    1.00000    1.00000    1.00000    1.00000    1.00000    1.00000    1.00000    1.00000    1.00000    1.00000    1.00000 
DE49     0.00000    0.00000    0.00000    0.00000    0.00000    0.00000    0.00000    0.00000    0.00000    0.00000    0.00000    0.00000    0.00000    0.00000    0.00000    0.00000    0.00000    0.00000    0.00000    0.00000    0.00000    0.00000    0.00000    0.00000    0.00000    0.00000    0.00000    0.00000    0.00000    0.00000    0.00000    0.00000    0.00000    0.00000    0.00000    1.00000    1.00000    1.00000    1.00000    1.00000    1.00000    1.00000    1.00000    1.00000    1.00000    1.00000    1.00000    1.00000    1.00000    1.00000    1.00000    1.00000    1.00000    1.00000    1.00000    1.00000    1.00000    1.00000    1.00000    1.00000    1.00000    1.00000    1.00000    1.00000    1.00000    1.00000    1.00000    1.00000    1.00000    1.00000    1.00000    1.00000    1.00000    1.00000    1.00000    1.00000    1.00000    1.00000    1.00000    1.00000    1.00000    1.00000    1.00000    1.00000 
DE50     0.00000    0.00000    0.00000    0.00000    0.00000    0.00000    0.00000    0.00000    0.00000    0.00000    0.00000    0.00000    0.00000    0.00000    0.00000    0.00000    0.00000    0.00000    0.00000    0.00000    0.00000    0.00000    0.00000    0.00000    0.00000    0.00000    0.00000    0.00000    0.00000    0.00000    0.00000    0.00000    0.00000    0.00000    0.00000    1.00000    1.00000    1.00000    1.00000    1.00000    1.00000    1.00000    1.00000    1.00000    1.00000    1.00000    1.00000    1.00000    1.00000    1.00000    1.00000    1.00000    1.00000    1.00000    1.00000    1.00000    1.00000    1.00000    1.00000    1.00000    1.00000    1.00000    1.00000    1.00000    1.00000    1.00000    1.00000    1.00000    1.00000    1.00000    1.00000    1.00000    1.00000    1.00000    1.00000    1.00000    1.00000    1.00000    1.00000    1.00000    1.00000    1.00000    1.00000    1.00000 
;

param numi_lb: NU01 NU02 NU03 NU04 NU05 NU06 NU07 NU08 NU09 NU10 NU11 NU12 NU13 NU14 :=
MI01     0.00000    0.00000    0.00000    0.00000    0.00000    0.00000    0.00000    0.00000    0.00000    0.00000    0.00000    0.00000    0.00000    0.00000 
MI02     0.00000    0.00000    0.00000    0.00000    0.00000    0.00000    0.00000    0.00000    0.00000    0.00000    0.00000    0.00000    0.00000    0.00000 
MI03     0.00000    0.00000    0.00000    0.00000    0.00000    0.00000    0.00000    0.00000    0.00000    0.00000    0.00000    0.00000    0.00000    0.00000 
MI04     0.00000    0.00000    0.00000    0.00000    0.00000    0.00000    0.00000    0.00000    0.00000    0.00000    0.00000    0.00000    0.00000    0.00000 
MI05     0.00000    0.00000    0.00000    0.00000    0.00000    0.00000    0.00000    0.00000    0.00000    0.00000    0.00000    0.00000    0.00000    0.00000 
MI06     0.00000    0.00000    0.00000    0.00000    0.00000    0.00000    0.00000    0.00000    0.00000    0.00000    0.00000    0.00000    0.00000    0.00000 
MI07     0.00000    0.00000    0.00000    0.00000    0.00000    0.00000    0.00000    0.00000    0.00000    0.00000    0.00000    0.00000    0.00000    0.00000 
MI08     0.00000    0.00000    0.00000    0.00000    0.00000    0.00000    0.00000    0.00000    0.00000    0.00000    0.00000    0.00000    0.00000    0.00000 
MI09     0.00000    0.00000    0.00000    0.00000    0.00000    0.00000    0.00000    0.00000    0.00000    0.00000    0.00000    0.00000    0.00000    0.00000 
MI10     0.00000    0.00000    0.00000    0.00000    0.00000    0.00000    0.00000    0.00000    0.00000    0.00000    0.00000    0.00000    0.00000    0.00000 
MI11     0.00000    0.00000    0.00000    0.00000    0.00000    0.00000    0.00000    0.00000    0.00000    0.00000    0.00000    0.00000    0.00000    0.00000 
MI12     0.00000    0.00000    0.00000    0.00000    0.00000    0.00000    0.00000    0.00000    0.00000    0.00000    0.00000    0.00000    0.00000    0.00000 
MI13     0.00000    0.00000    0.00000    0.00000    0.00000    0.00000    0.00000    0.00000    0.00000    0.00000    0.00000    0.00000    0.00000    0.00000 
MI14     0.00000    0.00000    0.00000    0.00000    0.00000    0.00000    0.00000    0.00000    0.00000    0.00000    0.00000    0.00000    0.00000    0.00000 
;

param numi_ub: NU01 NU02 NU03 NU04 NU05 NU06 NU07 NU08 NU09 NU10 NU11 NU12 NU13 NU14 :=
MI01    50.00000   15.00000   35.00000    5.00000    5.00000   30.00000    5.00000    6.00000    5.00000 100000.00000   92.00000   10.00000  100.00000    2.00000 
MI02    50.00000   15.00000   35.00000    5.00000    5.00000   30.00000    5.00000    6.00000    5.00000 100000.00000   92.00000   10.00000  100.00000    2.00000 
MI03    50.00000   15.00000   35.00000    5.00000    5.00000   30.00000    5.00000    6.00000    5.00000 100000.00000   92.00000   10.00000  100.00000    2.00000 
MI04    50.00000   15.00000   35.00000    5.00000    5.00000   30.00000    5.00000    6.00000    5.00000 100000.00000   92.00000   10.00000  100.00000    2.00000 
MI05    50.00000   15.00000   35.00000    5.00000    5.00000   30.00000    5.00000    6.00000    5.00000 100000.00000   92.00000   10.00000  100.00000    2.00000 
MI06    50.00000   15.00000   35.00000    5.00000    5.00000   30.00000    5.00000    6.00000    5.00000 100000.00000   92.00000   10.00000  100.00000    2.00000 
MI07    50.00000   15.00000   35.00000    5.00000    5.00000   30.00000    5.00000    6.00000    5.00000 100000.00000   92.00000   10.00000  100.00000    2.00000 
MI08    50.00000   15.00000   35.00000    5.00000    5.00000   30.00000    5.00000    6.00000    5.00000 100000.00000   92.00000   10.00000  100.00000    2.00000 
MI09    50.00000   15.00000   35.00000    5.00000    5.00000   30.00000    5.00000    6.00000    5.00000 100000.00000   92.00000   10.00000  100.00000    2.00000 
MI10    50.00000   15.00000   35.00000    5.00000    5.00000   30.00000    5.00000    6.00000    5.00000 100000.00000   92.00000   10.00000  100.00000    2.00000 
MI11    50.00000   15.00000   35.00000    5.00000    5.00000   30.00000    5.00000    6.00000    5.00000 100000.00000   92.00000   10.00000  100.00000    2.00000 
MI12    50.00000   15.00000   35.00000    5.00000    5.00000   30.00000    5.00000    6.00000    5.00000 100000.00000   92.00000   10.00000  100.00000    2.00000 
MI13    50.00000   15.00000   35.00000    5.00000    5.00000   30.00000    5.00000    6.00000    5.00000 100000.00000   92.00000   10.00000  100.00000    2.00000 
MI14    50.00000   15.00000   35.00000    5.00000    5.00000   30.00000    5.00000    6.00000    5.00000 100000.00000   92.00000   10.00000  100.00000    2.00000 
;
